user,docid,page,corrupted,tableType,location,number,content,qualifiers
auto,8121459,1,false,na,Col,1,characteristic_level;characteristic_name,
auto,8121459,1,false,na,Col,1,characteristic_level,indent;empty_row
auto,8121459,1,false,na,Col,1,characteristic_level;measures,indent;
auto,8121459,1,false,na,Row,1,characteristic_level,
auto,8121459,2,false,na,Col,1,characteristic_level;characteristic_name,empty_row
auto,8121459,2,false,na,Col,1,characteristic_level,indent;
auto,8121459,2,false,na,Row,2,arms;measures,
auto,8596317,1,false,na,Col,1,characteristic_level,
auto,8596317,1,false,na,Row,1,arms,
auto,9848888,1,false,na,Col,1,characteristic_level;characteristic_name,
auto,9848888,1,false,na,Col,1,characteristic_level,empty_row
auto,9848888,1,false,na,Row,1,other;arms,
auto,9892586,1,false,na,Col,1,characteristic_level,empty_row
auto,9892586,1,false,na,Col,1,characteristic_level,indent;
auto,9892586,1,false,na,Row,1,outcomes;measures,
auto,9892586,1,false,na,Row,2,arms,
auto,11419426,1,false,na,Col,1,characteristic_level,
auto,11419426,1,false,na,Row,1,arms,
auto,11442551,1,false,na,Col,1,characteristic_level,
auto,11442551,1,false,na,Row,1,characteristic_level;arms;measures,
auto,11442551,2,false,na,Col,1,characteristic_level,empty_row
auto,11442551,2,false,na,Col,1,arms,indent;
auto,11442551,2,false,na,Row,1,characteristic_level,
auto,11442551,2,false,na,Row,2,arms,
auto,11918909,1,false,na,Col,1,characteristic_level;characteristic_name,
auto,11918909,1,false,na,Col,1,characteristic_level,bold;empty_row
auto,11918909,1,false,na,Row,1,arms,
auto,12205648,2,false,na,Col,1,characteristic_level;characteristic_name,empty_row
auto,12205648,2,false,na,Col,1,measures,indent;
auto,12205648,2,false,na,Row,1,characteristic_level;characteristic_name,
auto,12205648,2,false,na,Row,2,arms;measures,
auto,12456232,1,false,na,Col,1,characteristic_level,
auto,12456232,1,false,na,Row,1,characteristic_level;measures;arms,
auto,12456232,3,false,na,Col,1,characteristic_name;characteristic_level,
auto,12456232,3,false,na,Row,1,characteristic_name,
auto,12466506,1,false,na,Col,1,characteristic_level;characteristic_name,
auto,12466506,1,false,na,Col,1,characteristic_level,empty_row_with_p_value
auto,12466506,1,false,na,Row,1,arms;measures,
auto,12601075,2,false,na,Col,1,characteristic_level,indent;empty_row_with_p_value
auto,12601075,2,false,na,Col,1,characteristic_level,indent;
auto,12601075,2,false,na,Row,1,arms;measures;p-interaction,
auto,12601075,2,false,na,Row,2,measures;characteristic_level,
auto,12803733,2,false,na,Col,2,measures,
auto,12803733,2,false,na,Col,1,characteristic_level,empty_row
auto,12803733,2,false,na,Row,1,arms,
auto,12803733,3,false,na,Col,1,measures,
auto,12803733,3,false,na,Row,1,arms,
auto,12803733,3,false,na,Row,2,characteristic_level,
auto,12813116,1,false,na,Col,1,characteristic_level,indent;
auto,12813116,1,false,na,Col,1,characteristic_level;characteristic_name,indent;empty_row
auto,12813116,1,false,na,Col,1,characteristic_level,empty_row
auto,12813116,1,false,na,Row,1,characteristic_name;arms,
auto,12899584,2,false,na,Col,1,outcomes,
auto,12899584,2,false,na,Row,1,characteristic_level,
auto,12899584,2,false,na,Row,2,arms;measures,
auto,12899584,2,false,na,Row,3,measures,
auto,12899584,2,false,na,Row,4,measures,
auto,14657064,1,false,na,Col,1,characteristic_level;characteristic_name,
auto,14657064,1,false,na,Col,1,characteristic_level,indent;
auto,14657064,1,false,na,Col,1,characteristic_level,empty_row
auto,14657064,2,false,na,Col,1,characteristic_level;measures,
auto,14657064,2,false,na,Col,1,characteristic_level;characteristic_name,empty_row
auto,14657064,2,false,na,Row,1,measures,
auto,15381674,2,false,na,Col,1,outcomes,
auto,15381674,2,false,na,Row,1,arms,
auto,15381674,2,false,na,Row,2,measures,
auto,15579515,1,false,na,Col,1,characteristic_level,
auto,15579515,1,false,na,Row,2,characteristic_level,
auto,15579515,1,false,na,Row,3,arms;measures,
auto,15590586,4,false,na,Col,1,characteristic_level,italic;empty_row
auto,15590586,4,false,na,Col,1,characteristic_level,indent;
auto,15590586,4,false,na,Row,1,measures;arms,
auto,15590586,4,false,na,Row,2,measures,
auto,15851647,1,false,na,Col,1,characteristic_name;characteristic_level,
auto,15851647,1,false,na,Col,1,characteristic_level;characteristic_name,indent;
auto,15851647,1,false,na,Col,1,characteristic_level;characteristic_name,empty_row
auto,15851647,1,false,na,Row,2,arms,
auto,15851647,3,false,na,Row,1,arms,
auto,15851647,3,false,na,Row,2,measures,
auto,15883637,1,false,na,Row,2,arms,
auto,15924587,2,false,na,Col,1,characteristic_level,
auto,15924587,2,false,na,Row,1,measures,
auto,15924587,2,false,na,Row,2,arms,
auto,15998891,1,false,na,Col,1,characteristic_level,indent;empty_row
auto,15998891,1,false,na,Col,1,characteristic_level,indent;
auto,15998891,1,false,na,Row,1,measures,
auto,16116047,4,false,na,Col,1,outcomes,
auto,16116047,4,false,na,Row,1,measures,
auto,16116047,4,false,na,Row,2,measures,
auto,16139123,1,false,na,Col,1,characteristic_level;characteristic_name,
auto,16139123,1,false,na,Col,1,characteristic_level,empty_row
auto,16139123,1,false,na,Row,1,arms,
auto,16139123,2,false,na,Col,1,characteristic_level;characteristic_name,
auto,16139123,2,false,na,Col,1,characteristic_level,empty_row
auto,16139123,2,false,na,Row,1,arms,
auto,16139123,2,false,na,Row,5,characteristic_level,
auto,16139123,2,false,na,Row,6,characteristic_level,
auto,16139123,2,false,na,Row,11,characteristic_level,
auto,16139123,3,false,na,Col,1,outcomes,
auto,16139123,3,false,na,Row,1,arms,
auto,16139123,3,false,na,Row,2,measures,
auto,16139123,4,false,na,Col,1,outcomes,
auto,16139123,4,false,na,Row,1,arms,
auto,16139123,4,false,na,Row,2,measures,
auto,16214597,3,false,na,Col,1,characteristic_level,indent;
auto,16214597,3,false,na,Col,1,characteristic_level,indent;empty_row
auto,16214597,3,false,na,Row,1,arms;other,
auto,16267322,1,false,na,Col,1,characteristic_level,indent;
auto,16267322,1,false,na,Col,1,characteristic_name,indent;empty_row
auto,16267322,1,false,na,Row,2,arms,
auto,16380589,1,false,na,Col,1,characteristic_level;characteristic_name,
auto,16380589,1,false,na,Col,1,characteristic_name,indent;bold;empty_row
auto,16380589,1,false,na,Col,1,characteristic_level,indent;
auto,16380589,1,false,na,Col,1,characteristic_name,indent;empty_row
auto,16380589,1,false,na,Row,1,arms,
auto,16495392,2,false,na,Col,1,characteristic_level,bold;empty_row
auto,16495392,2,false,na,Col,1,characteristic_level;outcomes,empty_row
auto,16495392,2,false,na,Col,1,measures,indent;
auto,16495392,2,false,na,Col,1,characteristic_level,indent;empty_row
auto,16495392,2,false,na,Col,1,characteristic_level,indent;bold;empty_row
auto,16495392,2,false,na,Row,1,arms,
auto,16508926,2,false,na,Col,1,characteristic_level;characteristic_name,
auto,16508926,2,false,na,Row,1,arms,
auto,16508926,2,false,na,Row,2,measures,
auto,16508926,3,false,na,Row,1,measures,
auto,16508926,3,false,na,Row,2,arms,
auto,16508926,3,false,na,Row,3,characteristic_level,
auto,16533938,1,false,na,Col,1,characteristic_level,
auto,16533938,1,false,na,Row,1,measures,
auto,16533938,1,false,na,Row,2,arms,
auto,16533938,2,false,na,Col,1,characteristic_level,
auto,16533938,2,false,na,Col,1,characteristic_name,empty_row
auto,16533938,2,false,na,Row,1,outcomes,
auto,16533938,2,false,na,Row,2,arms,
auto,16537662,1,false,na,Col,1,characteristic_level,
auto,16537662,1,false,na,Col,1,characteristic_level;measures,indent;
auto,16537662,1,false,na,Row,1,arms,
auto,16537663,1,false,na,Col,1,characteristic_level;characteristic_name,
auto,16537663,1,false,na,Col,1,characteristic_level,empty_row
auto,16537663,1,false,na,Col,1,characteristic_level,indent;
auto,16709304,1,false,na,Col,1,arms;characteristic_level,
auto,16709304,1,false,na,Col,1,characteristic_level,indent;empty_row
auto,16709304,1,false,na,Row,1,characteristic_level,
auto,16709304,1,false,na,Row,2,characteristic_level,
auto,16709304,1,false,na,Row,21,characteristic_level,
auto,16709304,1,false,na,Row,22,characteristic_level,
auto,16709304,2,false,na,Col,1,characteristic_level,
auto,16709304,2,false,na,Row,1,characteristic_level,
auto,16709304,2,false,na,Row,2,characteristic_level,
auto,17022864,3,false,na,Col,1,characteristic_level,
auto,17022864,3,false,na,Row,1,characteristic_level,
auto,17022864,3,false,na,Row,11,measures,
auto,17022864,3,false,na,Row,24,measures,
auto,17058629,1,false,na,Col,1,characteristic_level,
auto,17058629,1,false,na,Row,2,arms,
auto,17058629,1,false,na,Row,19,characteristic_level,
auto,17058629,2,false,na,Col,1,characteristic_level,
auto,17058629,2,false,na,Col,1,measures,indent;
auto,17058629,2,false,na,Row,1,characteristic_level,
auto,17058629,2,false,na,Row,2,arms;characteristic_level,
auto,17124018,1,false,na,Col,1,characteristic_level,indent;empty_row
auto,17124018,1,false,na,Col,1,characteristic_level,indent;
auto,17124018,1,false,na,Row,1,measures,
auto,17190893,1,false,na,Col,1,characteristic_level;characteristic_name,
auto,17190893,1,false,na,Col,1,characteristic_level,empty_row
auto,17190893,1,false,na,Col,1,characteristic_level,indent;
auto,17190893,1,false,na,Col,1,characteristic_level,indent;empty_row
auto,17190893,1,false,na,Row,1,measures,
auto,17259484,1,false,na,Col,1,characteristic_level;characteristic_name,
auto,17259484,1,false,na,Col,1,characteristic_level,empty_row
auto,17259484,1,false,na,Col,1,characteristic_level,indent;
auto,17259484,1,false,na,Row,1,arms,
auto,17304660,2,false,na,Col,1,characteristic_level,bold;empty_row
auto,17304660,2,false,na,Col,1,characteristic_level,indent;
auto,17304660,2,false,na,Row,1,arms;measures;characteristic_name,
auto,17304660,2,false,na,Row,4,measures;characteristic_level,
auto,17304660,2,false,na,Row,7,measures;characteristic_level,
auto,17304660,2,false,na,Row,10,measures;characteristic_level,
auto,17398308,2,false,na,Col,1,characteristic_level,
auto,17398308,2,false,na,Col,1,measures,bold;
auto,17398308,2,false,na,Row,1,arms;measures,
auto,17456819,1,false,na,Col,1,characteristic_level,
auto,17456819,1,false,na,Col,1,characteristic_level;measures,indent;empty_row
auto,17456819,1,false,na,Row,1,arms,
auto,17456819,1,false,na,Row,27,characteristic_level,
auto,17470824,1,false,na,Col,1,characteristic_level;measures,indent;
auto,17470824,1,false,na,Col,1,characteristic_name,indent;empty_row
auto,17470824,1,false,na,Row,1,arms,
auto,17634458,2,false,na,Col,2,measures;characteristic_level,indent
auto,17634458,2,false,na,Row,1,arms;measures,
auto,17634458,2,false,na,Row,2,measures,
auto,17634458,2,false,na,Row,10,characteristic_level,
auto,17634458,2,false,na,Row,13,characteristic_level,
auto,17634458,2,false,na,Row,29,characteristic_level,
auto,17765963,1,false,na,Col,1,characteristic_level,
auto,17765963,1,false,na,Col,1,outcomes,empty_row
auto,17765963,1,false,na,Row,2,arms,
auto,17765963,2,false,na,Col,1,characteristic_level;measures,
auto,17765963,2,false,na,Col,1,characteristic_level,empty_row
auto,17765963,2,false,na,Col,1,characteristic_level,indent;empty_row
auto,17765963,2,false,na,Row,1,measures,
auto,17765963,2,false,na,Row,2,characteristic_level;arms,
auto,17804843,1,false,na,Col,1,characteristic_level,indent;empty_row
auto,17804843,1,false,na,Col,1,characteristic_level,indent;
auto,17804843,1,false,na,Row,1,measures,
auto,17804843,1,false,na,Row,2,arms,
auto,17965424,1,false,na,Col,1,characteristic_level;measures,
auto,17965424,1,false,na,Col,1,characteristic_level,empty_row
auto,17965424,1,false,na,Row,1,characteristic_name;arms,
auto,17965424,2,false,na,Col,2,characteristic_level,
auto,17965424,2,false,na,Row,4,measures;characteristic_level,
auto,17965424,2,false,na,Row,7,measures;characteristic_level,
auto,17965424,2,false,na,Row,10,measures;characteristic_level,
auto,17980928,2,false,na,Col,1,characteristic_level,
auto,17980928,2,false,na,Row,1,characteristic_level;characteristic_name,
auto,17984166,1,false,na,Col,1,characteristic_level,
auto,17984166,1,false,na,Row,1,arms,
auto,17988947,1,false,na,Row,1,characteristic_level;measures;arms,
auto,18094675,1,false,na,Col,1,characteristic_level,
auto,18094675,1,false,na,Row,1,characteristic_level,
auto,18094675,1,false,na,Row,2,arms,
auto,18094675,2,false,na,Col,1,characteristic_level,italic;empty_row
auto,18094675,2,false,na,Col,1,time/period,indent;
auto,18094675,2,false,na,Col,1,characteristic_level,empty_row
auto,18094675,2,false,na,Row,1,arms;measures,
auto,18094675,2,false,na,Row,2,measures,
auto,18094675,2,false,na,Row,21,measures,
auto,18094675,3,false,na,Col,1,characteristic_level,italic;empty_row
auto,18094675,3,false,na,Col,1,measures;characteristic_level,indent;
auto,18094675,3,false,na,Col,1,characteristic_level,empty_row
auto,18094675,3,false,na,Row,1,arms;measures,
auto,18094675,3,false,na,Row,2,measures,
auto,18172039,3,false,na,Col,1,characteristic_level,bold;empty_row
auto,18172039,3,false,na,Col,1,characteristic_level,indent;
auto,18172039,3,false,na,Row,1,measures,
auto,18172039,3,false,na,Row,2,measures;arms,
auto,18223031,1,false,na,Col,1,characteristic_name;characteristic_level,indent;
auto,18223031,1,false,na,Col,1,characteristic_level,indent;empty_row
auto,18223031,1,false,na,Row,1,characteristic_level,
auto,18223031,1,false,na,Row,2,arms,
auto,18223031,3,false,na,Col,1,outcomes,
auto,18223031,3,false,na,Row,1,arms,
auto,18223031,3,false,na,Row,4,measures,
auto,18227370,1,false,na,Col,1,characteristic_level;characteristic_name,indent;
auto,18227370,1,false,na,Col,1,characteristic_level,indent;empty_row
auto,18227370,1,false,na,Row,2,characteristic_level,
auto,18227370,1,false,na,Row,11,measures,
auto,18227370,1,false,na,Row,17,measures,
auto,18227370,2,false,na,Col,1,arms,
auto,18227370,2,false,na,Col,2,characteristic_level,bold
auto,18227370,3,false,na,Col,1,arms,
auto,18227370,3,false,na,Col,2,characteristic_level,bold
auto,18326958,1,false,na,Col,1,characteristic_level;characteristic_name,
auto,18326958,1,false,na,Col,1,characteristic_level,empty_row
auto,18326958,1,false,na,Row,1,arms,
auto,18370800,1,false,na,Col,1,characteristic_level,indent;
auto,18370800,1,false,na,Col,1,characteristic_level,indent;empty_row
auto,18370800,1,false,na,Row,2,arms,
auto,18371559,1,false,na,Col,1,characteristic_level,indent;empty_row
auto,18371559,1,false,na,Col,1,arms;measures,bold;
auto,18371559,1,false,na,Row,2,measures,
auto,18398080,2,false,na,Row,1,measures;p-interaction;arms,
auto,18398080,2,false,na,Row,2,measures,
auto,18451347,2,false,na,Row,1,measures,
auto,18498915,1,false,na,Col,1,characteristic_level,
auto,18498915,1,false,na,Col,1,characteristic_name,empty_row
auto,18498915,1,false,na,Row,1,arms,
auto,18498915,2,false,na,Col,1,characteristic_level,empty_row
auto,18498915,2,false,na,Col,1,characteristic_level,indent;
auto,18498915,2,false,na,Row,1,arms;p-interaction,
auto,18499565,1,false,na,Col,1,characteristic_level,
auto,18499565,1,false,na,Col,1,characteristic_name,empty_row
auto,18499565,1,false,na,Row,1,arms;measures,
auto,18511702,1,false,na,Col,1,characteristic_level,
auto,18511702,2,false,na,Row,1,measures,
auto,18537526,1,false,na,Col,1,characteristic_level;characteristic_name,
auto,18537526,1,false,na,Col,1,characteristic_level,empty_row
auto,18537526,1,false,na,Row,1,characteristic_level,
auto,18537526,1,false,na,Row,2,arms;measures,
auto,18615004,1,false,na,Col,1,characteristic_level,empty_row
auto,18615004,1,false,na,Col,1,characteristic_level,indent;
auto,18615004,1,false,na,Col,1,characteristic_level,indent;empty_row
auto,18657652,2,false,na,Col,1,outcomes,bold;
auto,18657652,2,false,na,Row,1,arms,
auto,18667204,1,false,na,Col,1,characteristic_level;characteristic_name,
auto,18667204,1,false,na,Col,1,characteristic_level,empty_row
auto,18667204,1,false,na,Col,1,characteristic_level,indent;
auto,18667204,1,false,na,Row,1,characteristic_level,
auto,18667204,2,false,na,Col,1,characteristic_level,empty_row_with_p_value
auto,18823986,2,false,na,Col,1,characteristic_level;characteristic_name,
auto,18823986,2,false,na,Col,1,characteristic_level,indent;
auto,18823986,2,false,na,Row,1,measures,
auto,18823986,2,false,na,Row,2,measures,
auto,18975369,1,false,na,Col,1,characteristic_level,indent;
auto,18975369,1,false,na,Col,1,characteristic_level,indent;empty_row
auto,18975369,1,false,na,Row,1,arms,
auto,19001024,1,false,na,Row,1,arms;measures,
auto,19001508,2,false,na,Col,1,characteristic_level,
auto,19001508,2,false,na,Row,1,measures;arms,
auto,19097665,2,false,na,Col,1,characteristic_level,
auto,19097665,2,false,na,Col,1,arms;measures,indent;
auto,19097665,2,false,na,Col,1,characteristic_level;measures,indent;empty_row
auto,19097665,2,false,na,Row,1,measures,
auto,19104004,1,false,na,Col,1,characteristic_level;characteristic_name,
auto,19104004,1,false,na,Row,1,characteristic_level,
auto,19104004,3,false,na,Col,1,characteristic_level,empty_row
auto,19104004,3,false,na,Col,1,characteristic_level;measures,indent;bold;
auto,19104004,3,false,na,Row,2,arms,
auto,19139391,1,false,na,Col,1,characteristic_level,
auto,19139391,1,false,na,Row,1,measures,
auto,19139391,2,false,na,Col,1,measures,
auto,19139391,2,false,na,Col,1,characteristic_level,empty_row
auto,19139391,2,false,na,Row,1,measures,
auto,19166691,1,false,na,Col,1,characteristic_level,indent;
auto,19166691,1,false,na,Row,1,arms,
auto,19201775,1,false,na,Col,1,characteristic_level;characteristic_name,
auto,19201775,1,false,na,Col,1,characteristic_level,empty_row
auto,19201775,1,false,na,Col,1,characteristic_name;characteristic_level,indent;
auto,19201775,1,false,na,Row,2,characteristic_level,
auto,19336502,4,false,na,Col,1,characteristic_level,indent;
auto,19336502,4,false,na,Col,1,characteristic_level,indent;empty_row_with_p_value
auto,19336502,4,false,na,Row,1,arms;measures,
auto,19349325,1,false,na,Col,1,characteristic_level,
auto,19349325,1,false,na,Row,1,characteristic_level,
auto,19349325,1,false,na,Row,2,arms,
auto,19349325,2,false,na,Col,1,characteristic_level,
auto,19349325,2,false,na,Row,1,measures,
auto,19369667,1,false,na,Col,1,characteristic_level,
auto,19369667,1,false,na,Row,1,arms,
auto,19371824,2,false,na,Col,1,characteristic_name,
auto,19371824,2,false,na,Col,7,arms,indent;bold
auto,19371824,2,false,na,Col,11,arms,indent;bold
auto,19371824,2,false,na,Col,1,characteristic_level,bold;
auto,19371824,2,false,na,Row,1,outcomes,
auto,19371824,2,false,na,Row,2,arms;measures,
auto,19423108,2,false,na,Col,2,characteristic_level,
auto,19423108,2,false,na,Row,1,measures;arms,
auto,19443528,1,false,na,Col,1,characteristic_level,
auto,19443528,1,false,na,Row,1,arms,
auto,19443528,2,false,na,Col,1,characteristic_level,empty_row
auto,19443528,2,false,na,Col,1,measures,indent;
auto,19443528,2,false,na,Row,1,characteristic_level,
auto,19447387,2,false,na,Col,1,characteristic_level,
auto,19447387,2,false,na,Row,1,characteristic_level,
auto,19447387,2,false,na,Row,2,arms,
auto,19447387,3,false,na,Col,1,characteristic_level,empty_row_with_p_value
auto,19447387,3,false,na,Row,1,measures,
auto,19515181,1,false,na,Col,1,characteristic_level;characteristic_name,
auto,19515181,1,false,na,Col,1,characteristic_name,empty_row
auto,19560810,1,false,na,Col,1,characteristic_level,empty_row
auto,19560810,1,false,na,Col,1,measures,indent;
auto,19560810,1,false,na,Row,1,measures,
auto,19560810,1,false,na,Row,2,arms,
auto,19567517,1,false,na,Col,1,characteristic_level,indent;
auto,19567517,1,false,na,Col,1,characteristic_level,indent;empty_row
auto,19567517,1,false,na,Row,1,measures;arms,
auto,19567517,2,false,na,Col,1,characteristic_level;characteristic_name,empty_row
auto,19567517,2,false,na,Col,1,characteristic_level,indent;
auto,19567517,2,false,na,Row,1,measures;arms,
auto,19567517,2,false,na,Row,2,measures;arms,
auto,19704100,2,false,na,Col,1,characteristic_level,
auto,19704100,2,false,na,Row,1,measures,
auto,19704100,2,false,na,Row,2,measures,
auto,19716598,2,false,na,Col,1,characteristic_level,
auto,19716598,2,false,na,Col,1,characteristic_level;measures,bold;empty_row
auto,19716598,2,false,na,Row,1,arms;measures,
auto,19717844,1,false,na,Col,1,characteristic_level,
auto,19717844,1,false,na,Col,1,characteristic_level;measures,indent;empty_row
auto,19717844,1,false,na,Row,1,arms,
auto,19717850,1,false,na,Col,1,characteristic_level,
auto,19717850,1,false,na,Row,1,arms,
auto,19751115,2,false,na,Col,1,characteristic_level;characteristic_name,
auto,19751115,2,false,na,Col,2,arms,
auto,19751115,2,false,na,Col,3,characteristic_level,
auto,19752419,1,false,na,Col,1,characteristic_level,empty_row
auto,19752419,1,false,na,Col,1,characteristic_level,indent;
auto,19752419,1,false,na,Col,1,characteristic_level,indent;empty_row
auto,19752419,1,false,na,Row,2,arms,
auto,19776408,1,false,na,Col,1,characteristic_level,
auto,19776408,1,false,na,Row,1,arms,
auto,19776408,1,false,na,Row,2,arms,
auto,19933596,1,false,na,Col,1,characteristic_level,
auto,19933596,1,false,na,Col,1,characteristic_name,indent;
auto,19933596,1,false,na,Col,1,characteristic_name,empty_row
auto,19933596,1,false,na,Row,2,characteristic_level,
auto,19933596,1,false,na,Row,3,characteristic_level,
auto,19966341,1,false,na,Col,1,characteristic_level,
auto,19966341,1,false,na,Col,1,characteristic_name,empty_row
auto,19966341,1,false,na,Row,1,arms,
auto,19966341,1,false,na,Row,35,characteristic_level,
auto,20136164,1,false,na,Col,1,outcomes;characteristic_name,
auto,20136164,1,false,na,Col,2,measures;time/period,
auto,20136164,1,false,na,Row,1,arms,
auto,20136164,1,false,na,Row,6,characteristic_level,
auto,20151997,2,false,na,Col,1,measures,
auto,20151997,2,false,na,Col,1,characteristic_level,empty_row
auto,20151997,2,false,na,Row,1,characteristic_level,
auto,20163842,2,false,na,Row,1,arms,
auto,20163842,2,false,na,Row,2,characteristic_level,
auto,20185426,1,false,na,Col,1,characteristic_level;characteristic_name,
auto,20185426,1,false,na,Col,1,characteristic_level;measures,bold;
auto,20185426,1,false,na,Col,1,characteristic_level,bold;empty_row
auto,20185426,1,false,na,Row,2,arms;measures,
auto,20200926,2,false,na,Col,1,characteristic_level,
auto,20200926,2,false,na,Row,1,measures,
auto,20200926,2,false,na,Row,2,measures,
auto,20228403,2,false,na,Col,2,characteristic_level,
auto,20228403,2,false,na,Row,1,arms;measures,
auto,20357382,1,false,na,Col,1,characteristic_level;characteristic_name,
auto,20357382,1,false,na,Col,1,characteristic_level,empty_row
auto,20357382,1,false,na,Col,1,characteristic_level,indent;
auto,20357382,1,false,na,Row,1,arms,
auto,20357382,2,false,na,Col,1,characteristic_level,bold;empty_row
auto,20357382,2,false,na,Col,1,arms;p-interaction,indent;bold;empty_row_with_p_value
auto,20357382,2,false,na,Row,2,characteristic_level,
auto,20393175,2,false,na,Col,1,characteristic_name;characteristic_level,
auto,20393175,2,false,na,Col,1,characteristic_level,bold;empty_row
auto,20393175,2,false,na,Row,3,measures,
auto,20393175,4,false,na,Col,1,characteristic_name;characteristic_level,
auto,20393175,4,false,na,Row,2,characteristic_level,
auto,20393175,4,false,na,Row,3,measures,
auto,20400762,1,false,na,Col,2,measures,indent;bold
auto,20400762,1,false,na,Col,1,characteristic_name,italic;empty_row_with_p_value
auto,20400762,1,false,na,Row,1,measures,
auto,20409909,1,false,na,Col,1,characteristic_level;characteristic_name,
auto,20409909,1,false,na,Col,1,characteristic_level,empty_row
auto,20409909,1,false,na,Col,1,characteristic_level,indent;
auto,20409909,1,false,na,Row,1,arms,
auto,20436046,2,false,na,Col,1,characteristic_level,empty_row
auto,20436046,2,false,na,Col,1,characteristic_level;measures,indent;
auto,20436046,2,false,na,Row,1,measures,
auto,20463178,1,false,na,Col,1,characteristic_name;characteristic_level,
auto,20463178,1,false,na,Row,1,arms,
auto,20484828,1,false,na,Col,1,characteristic_level,
auto,20484828,1,false,na,Col,2,measures,
auto,20484828,1,false,na,Row,1,characteristic_level;measures,
auto,20484828,2,false,na,Col,2,measures,
auto,20484828,2,false,na,Row,1,characteristic_level;measures,
auto,20487050,2,false,na,Col,1,characteristic_level,indent;empty_row
auto,20487050,2,false,na,Col,1,characteristic_level,indent;
auto,20487050,2,false,na,Row,1,characteristic_name,
auto,20487050,2,false,na,Row,2,arms,
auto,20582594,2,false,na,Col,1,characteristic_level,empty_row_with_p_value
auto,20582594,2,false,na,Col,1,characteristic_level,indent;
auto,20582594,2,false,na,Row,1,measures,
auto,20582594,2,false,na,Row,2,arms,
auto,20582993,1,false,na,Col,1,characteristic_level;characteristic_name,
auto,20582993,1,false,na,Col,1,characteristic_level,empty_row_with_p_value
auto,20582993,1,false,na,Row,1,arms,
auto,20620037,1,false,na,Col,1,characteristic_level,
auto,20620037,1,false,na,Col,1,characteristic_level;characteristic_name,empty_row
auto,20620037,1,false,na,Col,1,characteristic_level;measures,indent;
auto,20620037,1,false,na,Row,1,arms,
auto,20620037,2,false,na,Col,1,characteristic_level,indent;empty_row
auto,20620037,2,false,na,Col,1,characteristic_level,indent;
auto,20620037,2,false,na,Row,1,characteristic_level,
auto,20620037,2,false,na,Row,2,arms,
auto,20621900,1,false,na,Col,1,characteristic_level,indent;
auto,20621900,1,false,na,Col,1,characteristic_level;characteristic_name,indent;empty_row
auto,20621900,1,false,na,Col,1,characteristic_level,bold;empty_row
auto,20621900,1,false,na,Row,1,characteristic_level;measures,
auto,20621900,1,false,na,Row,2,arms,
auto,20644019,1,false,na,Row,1,measures,
auto,20678674,2,false,na,Col,1,measures,
auto,20678674,2,false,na,Row,1,arms,
auto,20678674,2,false,na,Row,2,characteristic_level,
auto,20801495,1,false,na,Col,1,characteristic_level,
auto,20801495,1,false,na,Col,1,characteristic_name,empty_row
auto,20953684,2,false,na,Col,2,measures;outcomes,
auto,20953684,2,false,na,Col,1,characteristic_level,italic;empty_row
auto,20953684,2,false,na,Col,1,characteristic_level,empty_row
auto,20953684,2,false,na,Row,2,arms,
auto,20953684,2,false,na,Row,3,measures,
auto,20979470,3,false,na,Col,1,characteristic_level,empty_row
auto,20979470,3,false,na,Col,1,characteristic_level,indent;
auto,20979470,3,false,na,Col,1,characteristic_level,indent;empty_row
auto,20979470,3,false,na,Row,1,arms;p-interaction,
auto,20979470,3,false,na,Row,2,measures,
auto,20979470,3,false,na,Row,11,characteristic_level,
auto,21045096,1,false,na,Col,1,characteristic_level,
auto,21045096,1,false,na,Row,1,arms;measures,
auto,21060071,1,false,na,Col,1,characteristic_level,
auto,21060071,1,false,na,Row,1,arms,
auto,21128814,1,false,na,Col,1,characteristic_level,indent;
auto,21128814,1,false,na,Col,1,characteristic_level,indent;empty_row
auto,21128814,1,false,na,Row,2,arms,
auto,21128814,3,false,na,Col,1,characteristic_level;characteristic_name,
auto,21128814,3,false,na,Row,1,characteristic_level,
auto,21147728,1,false,na,Col,1,characteristic_level,
auto,21147728,1,false,na,Row,1,measures;characteristic_level,
auto,21147728,2,false,na,Col,1,characteristic_level;characteristic_name,empty_row
auto,21147728,2,false,na,Col,1,measures;characteristic_level,indent;
auto,21147728,2,false,na,Row,2,measures,
auto,21216833,2,false,na,Col,1,outcomes,empty_row_with_p_value
auto,21216833,2,false,na,Col,1,characteristic_level,indent;
auto,21216833,2,false,na,Row,1,arms;measures;p-interaction,
auto,21224838,1,false,na,Col,1,characteristic_level,
auto,21224838,1,false,na,Row,1,arms,
auto,21224838,1,false,na,Row,2,characteristic_level;measures,
auto,21227674,1,false,na,Col,1,characteristic_level;characteristic_name,
auto,21227674,1,false,na,Col,1,characteristic_level,empty_row
auto,21227674,1,false,na,Col,1,characteristic_level,indent;
auto,21227674,1,false,na,Row,1,characteristic_level,
auto,21332630,1,false,na,Col,1,characteristic_level,empty_row
auto,21332630,1,false,na,Col,1,characteristic_level,indent;
auto,21332630,1,false,na,Col,1,characteristic_level,indent;empty_row
auto,21362764,1,false,na,Col,1,characteristic_level,
auto,21428765,1,false,na,Col,1,characteristic_level,
auto,21428765,1,false,na,Row,1,arms,
auto,21428765,2,false,na,Col,1,characteristic_level,indent;
auto,21428765,2,false,na,Col,1,characteristic_level,indent;empty_row_with_p_value
auto,21428765,2,false,na,Row,1,arms;measures;p-interaction,
auto,21428766,1,false,na,Col,1,characteristic_level,indent;
auto,21428766,1,false,na,Col,1,characteristic_name,indent;empty_row_with_p_value
auto,21428766,1,false,na,Col,1,characteristic_level,indent;empty_row
auto,21428766,1,false,na,Row,1,arms,
auto,21428766,2,false,na,Col,1,characteristic_level,
auto,21428766,2,false,na,Row,1,arms,
auto,21454723,2,false,na,Col,1,characteristic_level,empty_row
auto,21454723,2,false,na,Row,1,characteristic_level,
auto,21454723,2,false,na,Row,2,arms;measures,
auto,21474646,2,false,na,Col,1,characteristic_level,
auto,21474646,2,false,na,Row,1,arms,
auto,21502549,2,false,na,Row,1,arms,
auto,21502549,2,false,na,Row,2,measures,
auto,21545942,2,false,na,Row,2,measures,
auto,21545947,3,false,na,Col,1,characteristic_level,bold;
auto,21545947,3,false,na,Row,1,measures,
auto,21545947,3,false,na,Row,2,characteristic_level,
auto,21545947,3,false,na,Row,5,characteristic_level,
auto,21576658,3,false,na,Col,1,characteristic_level,bold;
auto,21576658,3,false,na,Row,1,measures,
auto,21586508,1,false,na,Col,1,characteristic_level;characteristic_name,
auto,21586508,1,false,na,Row,1,arms,
auto,21627828,1,false,na,Col,1,characteristic_level,indent;
auto,21627828,1,false,na,Col,1,characteristic_level,indent;empty_row
auto,21627828,1,false,na,Row,1,characteristic_level;arms,
auto,21645018,1,false,na,Col,1,characteristic_level;characteristic_name,
auto,21645018,1,false,na,Col,1,characteristic_name,empty_row
auto,21645018,1,false,na,Row,2,arms,
auto,21682834,2,false,na,Col,1,characteristic_level,indent;empty_row
auto,21682834,2,false,na,Row,1,characteristic_level,
auto,21780946,1,false,na,Col,1,characteristic_level,empty_row
auto,21780946,1,false,na,Col,1,characteristic_level,indent;empty_row
auto,21780946,1,false,na,Col,1,characteristic_level,indent;
auto,21780946,1,false,na,Row,1,arms,
auto,21815708,1,false,na,Row,1,measures,
auto,21815708,1,false,na,Row,2,characteristic_level;arms,
auto,21933100,1,false,na,Col,1,characteristic_level,empty_row
auto,22052584,1,false,na,Col,1,characteristic_level,indent;empty_row_with_p_value
auto,22052584,1,false,na,Col,1,characteristic_level,indent;
auto,22052584,1,false,na,Col,1,characteristic_level,indent;empty_row
auto,22052584,1,false,na,Row,1,characteristic_level,
auto,22077816,1,false,na,Col,1,characteristic_level,
auto,22077816,1,false,na,Col,1,measures;characteristic_level,italic;indent;
auto,22077816,1,false,na,Row,1,arms,
auto,22234149,2,false,na,Col,1,characteristic_level,
auto,22234149,2,false,na,Row,1,measures,
auto,22235820,2,false,na,Col,1,characteristic_level;characteristic_name;measures,indent;bold;
auto,22235820,2,false,na,Row,1,outcomes,
auto,22235820,3,false,na,Col,1,characteristic_level;characteristic_name;measures,indent;bold;
auto,22235820,3,false,na,Row,1,outcomes,
auto,22259009,2,false,na,Col,1,time/period,
auto,22259009,2,false,na,Col,1,characteristic_name,empty_row
auto,22259009,2,false,na,Row,2,measures,
auto,22378566,2,false,na,Col,1,measures;outcomes,
auto,22378566,2,false,na,Col,1,characteristic_level,empty_row
auto,22378566,2,false,na,Col,1,characteristic_level,indent;empty_row
auto,22378566,2,false,na,Row,1,arms,
auto,22396585,2,false,na,Col,1,arms,
auto,22396585,2,false,na,Col,1,characteristic_level,empty_row
auto,22396585,2,false,na,Row,1,measures,
auto,22396585,2,false,na,Row,2,characteristic_level,
auto,22436129,1,false,na,Col,1,characteristic_level;characteristic_name,
auto,22436129,1,false,na,Col,1,characteristic_level,empty_row
auto,22436129,1,false,na,Row,1,arms,
auto,22490878,1,false,na,Col,1,characteristic_level,indent;
auto,22490878,1,false,na,Col,1,characteristic_level,empty_row
auto,22490878,1,false,na,Col,1,characteristic_level;characteristic_name,indent;empty_row
auto,22490878,1,false,na,Row,2,characteristic_level,
auto,22490878,1,false,na,Row,3,measures,
auto,22509859,1,false,na,Col,1,characteristic_level,empty_row
auto,22509859,1,false,na,Col,1,characteristic_level;measures,indent;
auto,22509859,1,false,na,Col,1,characteristic_level;measures,indent;empty_row
auto,22509859,1,false,na,Row,1,characteristic_level,
auto,22544891,1,false,na,Col,1,characteristic_level;characteristic_name,
auto,22544891,1,false,na,Col,1,characteristic_level,empty_row
auto,22544891,1,false,na,Row,1,other,
auto,22544891,1,false,na,Row,2,arms,
auto,22544891,1,false,na,Row,9,characteristic_level,
auto,22544891,2,false,na,Col,1,characteristic_name;characteristic_level,
auto,22544891,2,false,na,Col,1,characteristic_level,empty_row
auto,22544891,2,false,na,Row,1,characteristic_level,
auto,22544891,2,false,na,Row,2,characteristic_level,
auto,22573644,2,false,na,Col,1,characteristic_level,bold;empty_row
auto,22573644,2,false,na,Col,1,characteristic_level;measures,indent;
auto,22573644,2,false,na,Row,1,arms,
auto,22573644,2,false,na,Row,2,measures,
auto,22576673,1,false,na,Col,1,characteristic_name;characteristic_level,
auto,22576673,1,false,na,Col,1,characteristic_level,indent;
auto,22576673,1,false,na,Row,1,characteristic_level,
auto,22700854,1,false,na,Col,1,characteristic_level,
auto,22700854,1,false,na,Col,1,characteristic_level;measures,indent;
auto,22700854,1,false,na,Row,1,arms,
auto,22709460,1,false,na,Col,1,characteristic_level,
auto,22709460,1,false,na,Col,1,characteristic_level;characteristic_name,empty_row
auto,22709460,1,false,na,Col,1,characteristic_level;measures,indent;
auto,22709460,1,false,na,Row,1,measures,
auto,22738922,2,false,na,Col,1,characteristic_level;characteristic_name,empty_row
auto,22738922,2,false,na,Col,1,characteristic_level,indent;
auto,22738922,2,false,na,Col,1,characteristic_level,indent;empty_row
auto,22738922,2,false,na,Row,1,arms,
auto,22738922,2,false,na,Row,8,measures,
auto,22799613,2,false,na,Row,1,arms,
auto,22799613,2,false,na,Row,2,characteristic_level,
auto,22932716,1,false,na,Col,1,characteristic_level,
auto,22932716,1,false,na,Row,1,arms,
auto,22932716,2,false,na,Col,1,characteristic_level,
auto,22932716,2,false,na,Row,1,p-interaction;arms;measures,
auto,23020650,1,false,na,Col,1,characteristic_level,
auto,23020650,1,false,na,Row,1,other,
auto,23020650,1,false,na,Row,2,arms,
auto,23020650,2,false,na,Row,1,other,
auto,23020650,2,false,na,Row,2,characteristic_level,
auto,23020650,2,false,na,Row,3,arms,
auto,23040830,1,false,na,Col,1,characteristic_level,
auto,23040830,1,false,na,Row,2,characteristic_level,
auto,23110471,2,false,na,Row,1,characteristic_name,
auto,23110471,2,false,na,Row,2,arms,
auto,23110471,2,false,na,Row,3,arms,
auto,23110471,2,false,na,Row,4,arms,
auto,23110471,2,false,na,Row,24,characteristic_level;measures,
auto,23121439,2,false,na,Col,1,characteristic_name;characteristic_level,
auto,23121439,2,false,na,Row,1,arms;other;p-interaction,
auto,23121439,2,false,na,Row,2,measures,
auto,23128104,1,false,na,Col,1,characteristic_level,
auto,23128104,1,false,na,Row,1,arms,
auto,23129601,2,false,na,Col,1,characteristic_level,bold;empty_row
auto,23129601,2,false,na,Col,1,characteristic_level,indent;
auto,23129601,2,false,na,Row,1,arms,
auto,23134522,1,false,na,Col,1,characteristic_level;characteristic_name,
auto,23134522,1,false,na,Col,1,characteristic_level,empty_row
auto,23216615,2,false,na,Col,1,characteristic_level,empty_row
auto,23216615,2,false,na,Col,1,arms,indent;
auto,23216615,2,false,na,Col,1,characteristic_name;characteristic_level,indent;empty_row
auto,23216615,2,false,na,Row,2,measures;characteristic_level;characteristic_name,
auto,23271794,1,false,na,Col,1,characteristic_level,
auto,23271794,1,false,na,Row,1,characteristic_level,
auto,23271794,3,false,na,Col,1,outcomes,
auto,23271794,3,false,na,Row,2,measures,
auto,23339726,1,false,na,Col,1,characteristic_level,
auto,23339726,1,false,na,Col,1,characteristic_level;characteristic_name,indent;
auto,23339726,1,false,na,Row,1,arms,
auto,23425163,3,false,na,Col,1,characteristic_level;characteristic_name,
auto,23425163,3,false,na,Col,1,characteristic_level,empty_row_with_p_value
auto,23425163,3,false,na,Row,1,measures,
auto,23425163,3,false,na,Row,2,arms;measures,
auto,23473369,1,false,na,Col,1,characteristic_level,
auto,23473369,1,false,na,Row,1,arms,
auto,23529173,2,false,na,Col,1,outcomes,
auto,23529173,2,false,na,Col,1,outcomes;characteristic_level,indent;
auto,23529173,2,false,na,Row,1,measures,
auto,23529173,2,false,na,Row,2,arms,
auto,23564916,2,false,na,Col,1,characteristic_name,indent;bold;empty_row
auto,23564916,2,false,na,Col,1,characteristic_level,indent;
auto,23564916,2,false,na,Col,1,characteristic_level,empty_row
auto,23564916,2,false,na,Row,2,measures,
auto,23564916,2,false,na,Row,8,characteristic_level;measures;arms;p-interaction,
auto,23564919,1,false,na,Col,1,characteristic_name,
auto,23564919,1,false,na,Col,1,characteristic_level,empty_row
auto,23564919,1,false,na,Col,1,characteristic_level,indent;
auto,23564919,1,false,na,Row,1,arms,
auto,23613569,1,false,na,Col,1,characteristic_level,
auto,23613569,1,false,na,Col,1,characteristic_name;characteristic_level,empty_row
auto,23613569,1,false,na,Row,1,characteristic_level,
auto,23656980,2,false,na,Col,1,characteristic_level,
auto,23656980,2,false,na,Row,1,arms;measures,
auto,23656980,2,false,na,Row,2,characteristic_level,
auto,23656980,2,false,na,Row,3,characteristic_level,
auto,23656980,2,false,na,Row,5,characteristic_level,
auto,23656980,2,false,na,Row,7,characteristic_level,
auto,23656980,2,false,na,Row,11,characteristic_level,
auto,23656980,2,false,na,Row,17,characteristic_level,
auto,23706759,1,false,na,Col,1,characteristic_level;characteristic_name,
auto,23706759,1,false,na,Col,1,characteristic_level,indent;
auto,23706759,1,false,na,Col,1,characteristic_level,empty_row
auto,23706759,1,false,na,Row,1,arms,
auto,23706759,2,false,na,Row,1,arms,
auto,23726159,2,false,na,Col,1,characteristic_level,
auto,23726159,2,false,na,Row,1,measures,
auto,23726159,2,false,na,Row,2,characteristic_level,
auto,23733198,1,false,na,Col,1,characteristic_level;characteristic_name,
auto,23733198,1,false,na,Col,1,characteristic_name,empty_row
auto,23733198,1,false,na,Col,1,characteristic_level,indent;
auto,23733198,1,false,na,Row,1,measures,
auto,23733198,2,false,na,Row,1,characteristic_level,
auto,23733198,2,false,na,Row,2,measures,
auto,23733198,2,false,na,Row,3,measures,
auto,23810874,2,false,na,Col,1,characteristic_level,
auto,23810874,2,false,na,Row,1,arms,
auto,23909985,1,false,na,Col,1,characteristic_level,empty_row
auto,23909985,1,false,na,Col,1,characteristic_level,indent;
auto,23909985,1,false,na,Row,1,measures,
auto,23909985,1,false,na,Row,2,arms,
auto,23964932,1,false,na,Col,1,characteristic_name;characteristic_level,indent;
auto,23964932,1,false,na,Col,1,characteristic_level,indent;empty_row
auto,23964932,1,false,na,Row,1,arms,
auto,23964932,1,false,na,Row,2,characteristic_level,
auto,23964932,2,false,na,Col,1,characteristic_level,bold;empty_row
auto,23964932,2,false,na,Col,1,arms;characteristic_level;measures,bold;
auto,23964932,2,false,na,Row,1,arms;measures,
auto,23964932,2,false,na,Row,2,measures,
auto,23992601,2,false,na,Col,2,characteristic_level,
auto,23992601,2,false,na,Row,1,measures;p-interaction;arms,
auto,23992601,2,false,na,Row,2,arms,
auto,23992601,3,false,na,Col,2,characteristic_level,indent
auto,23992601,3,false,na,Row,1,measures;p-interaction;arms,
auto,23992601,3,false,na,Row,2,measures,
auto,23992602,2,false,na,Col,1,characteristic_level;characteristic_name,
auto,23992602,2,false,na,Col,1,characteristic_level,indent;
auto,23992602,2,false,na,Row,1,arms;measures;p-interaction,
auto,23992602,2,false,na,Row,2,measures,
auto,23992602,2,false,na,Row,3,measures;arms,
auto,24001888,1,false,na,Col,1,characteristic_name;characteristic_level,
auto,24001888,1,false,na,Col,1,characteristic_level,empty_row
auto,24001888,1,false,na,Col,1,characteristic_level,indent;
auto,24001888,1,false,na,Col,1,characteristic_level,indent;empty_row
auto,24001888,1,false,na,Row,1,arms,
auto,24001888,2,false,na,Col,2,characteristic_level,
auto,24001888,2,false,na,Col,1,characteristic_level;measures,bold;
auto,24001888,2,false,na,Col,1,characteristic_level,bold;empty_row
auto,24001888,2,false,na,Col,1,characteristic_level,bold;empty_row_with_p_value
auto,24001888,2,false,na,Col,2,measures,bold
auto,24001888,2,false,na,Row,1,measures,
auto,24001888,2,false,na,Row,2,characteristic_level;characteristic_name;arms,
auto,24001888,2,false,na,Row,4,characteristic_level;arms,
auto,24001888,2,false,na,Row,5,characteristic_level;characteristic_name;arms,
auto,24001888,2,false,na,Row,7,measures;characteristic_level;arms,
auto,24001888,2,false,na,Row,9,measures;characteristic_level;arms,
auto,24001888,2,false,na,Row,10,measures,
auto,24001888,2,false,na,Row,12,measures,
auto,24001888,2,false,na,Row,13,measures;characteristic_level;arms,
auto,24001888,2,false,na,Row,14,characteristic_level,
auto,24001888,2,false,na,Row,15,measures,
auto,24119319,2,false,na,Col,1,characteristic_level;measures,
auto,24119319,2,false,na,Col,1,characteristic_level;characteristic_name,empty_row
auto,24119319,2,false,na,Row,2,measures,
auto,24141036,1,false,na,Col,1,characteristic_level;characteristic_name,
auto,24141036,1,false,na,Col,1,characteristic_level,empty_row
auto,24141036,1,false,na,Col,1,characteristic_level,indent;
auto,24141036,1,false,na,Row,1,arms,
auto,24184169,2,false,na,Col,1,characteristic_level;characteristic_name,
auto,24184169,2,false,na,Row,1,measures,
auto,24206457,2,false,na,Col,1,characteristic_level;measures,
auto,24206457,2,false,na,Col,1,characteristic_level,empty_row_with_p_value
auto,24206457,2,false,na,Row,1,measures;arms,
auto,24245566,1,false,na,Col,1,characteristic_level,
auto,24245566,1,false,na,Row,1,arms;measures,
auto,24247616,2,false,na,Col,1,characteristic_level,
auto,24247616,2,false,na,Col,2,characteristic_level;characteristic_name,
auto,24247616,2,false,na,Row,1,measures;arms;p-interaction,
auto,24247616,2,false,na,Row,2,arms;measures,
auto,24253831,2,false,na,Col,1,characteristic_level,bold;empty_row
auto,24253831,2,false,na,Col,1,characteristic_level,indent;
auto,24253831,2,false,na,Col,1,characteristic_level,indent;empty_row_with_p_value
auto,24281137,1,false,na,Col,1,characteristic_level;characteristic_name,
auto,24281137,1,false,na,Col,1,characteristic_level,empty_row
auto,24281137,1,false,na,Row,2,arms;measures,
auto,24321804,1,false,na,Col,1,characteristic_level;characteristic_name,
auto,24321804,1,false,na,Col,1,characteristic_level,empty_row
auto,24321804,1,false,na,Col,1,characteristic_level,indent;
auto,24321804,1,false,na,Row,1,arms,
auto,24321804,2,false,na,Col,1,characteristic_level,
auto,24321804,2,false,na,Row,1,characteristic_level,
auto,24323795,2,false,na,Row,1,arms,
auto,24323795,2,false,na,Row,2,arms;measures,
auto,24339179,1,false,na,Col,1,characteristic_level;characteristic_name,
auto,24339179,1,false,na,Col,1,characteristic_level,empty_row
auto,24339179,1,false,na,Row,1,arms,
auto,24339179,2,false,na,Col,1,time/period;measures,
auto,24339179,2,false,na,Col,1,characteristic_name;characteristic_level,empty_row
auto,24339179,2,false,na,Row,1,characteristic_level,
auto,24339179,2,false,na,Row,2,arms,
auto,24727254,1,false,na,Col,1,characteristic_level,
auto,24727254,1,false,na,Row,1,characteristic_level;p-interaction,
auto,24727258,1,false,na,Col,1,characteristic_level;characteristic_name,
auto,24727258,1,false,na,Col,1,characteristic_level,empty_row_with_p_value
auto,24727258,1,false,na,Col,1,characteristic_level,indent;
auto,24727258,1,false,na,Row,1,arms;measures,
auto,24727258,2,false,na,Row,1,measures,
auto,24727258,2,false,na,Row,2,measures;arms,
auto,24742013,1,false,na,Col,1,characteristic_level;characteristic_name,
auto,24742013,1,false,na,Col,1,characteristic_level,empty_row
auto,24742013,1,false,na,Col,1,characteristic_level,indent;
auto,24742013,1,false,na,Row,1,characteristic_level,
auto,24742013,1,false,na,Row,2,arms,
auto,24748630,1,false,na,Col,1,characteristic_level,bold;
auto,24748630,1,false,na,Col,1,measures,italic;indent;
auto,24748630,1,false,na,Row,1,measures,
auto,24748630,1,false,na,Row,2,arms,
auto,24780614,1,false,na,Col,1,characteristic_level,
auto,24780614,1,false,na,Row,1,characteristic_level,
auto,24780614,2,false,na,Col,1,characteristic_level,
auto,24780614,2,false,na,Col,2,characteristic_level,
auto,24780614,2,false,na,Row,1,characteristic_level,
auto,24780614,2,false,na,Row,3,characteristic_level,
auto,24780614,2,false,na,Row,4,characteristic_level,
auto,24780614,2,false,na,Row,5,characteristic_level,
auto,24859203,1,false,na,Col,1,characteristic_level;characteristic_name,
auto,24859203,1,false,na,Col,1,characteristic_name,empty_row
auto,24859203,1,false,na,Row,1,arms,
auto,24859203,1,false,na,Row,2,characteristic_level,
auto,24898834,2,false,na,Col,1,characteristic_level;characteristic_name,
auto,24898834,2,false,na,Row,1,measures;arms,
auto,24898834,3,false,na,Col,1,characteristic_level;characteristic_name,
auto,24898834,3,false,na,Col,1,characteristic_level,empty_row
auto,24898834,3,false,na,Row,1,measures,
auto,24966672,1,false,na,Col,1,characteristic_level;characteristic_name,
auto,24966672,1,false,na,Col,1,characteristic_level,empty_row
auto,24966672,1,false,na,Row,1,other,
auto,24966672,1,false,na,Row,4,measures,
auto,24966672,2,false,na,Col,1,arms;characteristic_name;characteristic_level;time/period,
auto,24966672,2,false,na,Col,1,outcomes;time/period,empty_row
auto,24966672,2,false,na,Row,1,arms,
auto,24966672,2,false,na,Row,2,arms,
auto,25002161,1,false,na,Col,1,characteristic_level;characteristic_name,
auto,25002161,1,false,na,Col,1,characteristic_level,empty_row
auto,25002161,1,false,na,Row,2,arms,
auto,25031188,2,false,na,Col,1,characteristic_level,
auto,25031188,2,false,na,Row,1,characteristic_level,
auto,25031188,2,false,na,Row,2,measures,
auto,25037988,2,false,na,Col,1,characteristic_level;characteristic_name,
auto,25037988,2,false,na,Row,1,measures;p-interaction,
auto,25037988,2,false,na,Row,2,measures,
auto,25045258,2,false,na,Col,1,characteristic_name,
auto,25045258,2,false,na,Col,1,outcomes;time/period,empty_row
auto,25045258,2,false,na,Row,1,arms,
auto,25045258,2,false,na,Row,11,arms,
auto,25046337,2,false,na,Col,1,characteristic_level,
auto,25046337,2,false,na,Row,1,characteristic_level;arms;measures,
auto,25046337,2,false,na,Row,6,measures,
auto,25046337,2,false,na,Row,30,measures,
auto,25175921,3,false,na,Col,1,characteristic_level;measures,
auto,25175921,3,false,na,Col,1,characteristic_name,empty_row
auto,25175921,3,false,na,Row,1,characteristic_level;measures;p-interaction,
auto,25175921,3,false,na,Row,2,arms;measures,
auto,25176136,1,false,na,Col,1,characteristic_level,
auto,25176136,1,false,na,Row,1,characteristic_level;arms,
auto,25182247,2,false,na,Col,1,outcomes,
auto,25182247,2,false,na,Col,2,outcomes;characteristic_level,indent
auto,25182247,2,false,na,Row,1,characteristic_level;measures,
auto,25182247,2,false,na,Row,2,arms;measures,
auto,25271206,2,false,na,Col,1,measures,
auto,25271206,2,false,na,Col,1,characteristic_name;measures;characteristic_level,empty_row
auto,25271206,2,false,na,Row,1,arms,
auto,25277614,1,false,na,Col,1,characteristic_level,empty_row
auto,25277614,1,false,na,Col,1,characteristic_level,indent;
auto,25277614,1,false,na,Row,1,arms,
auto,25329038,1,false,na,Col,1,characteristic_level;characteristic_name,
auto,25329038,1,false,na,Col,1,characteristic_level,empty_row
auto,25329038,1,false,na,Row,1,arms,
auto,25352655,2,false,na,Col,1,measures,indent;empty_row
auto,25352655,2,false,na,Col,1,measures,indent;
auto,25352655,2,false,na,Row,1,arms,
auto,25354738,2,false,na,Col,2,outcomes;time/period,
auto,25354738,2,false,na,Row,1,characteristic_level,
auto,25354738,2,false,na,Row,3,arms,
auto,25367713,1,false,na,Col,1,characteristic_level;characteristic_name,
auto,25367713,1,false,na,Col,1,characteristic_level,empty_row
auto,25367713,1,false,na,Row,1,arms,
auto,25367713,2,false,na,Col,1,characteristic_level,
auto,25367713,2,false,na,Col,1,characteristic_level;characteristic_name,empty_row
auto,25367713,2,false,na,Row,1,arms,
auto,25465416,1,false,na,Col,1,characteristic_level,empty_row
auto,25465416,1,false,na,Col,1,characteristic_level,indent;
auto,25465416,1,false,na,Row,1,arms,
auto,25465416,2,false,na,Col,1,characteristic_level;measures,indent;bold;
auto,25465416,2,false,na,Col,1,characteristic_level;measures,bold;
auto,25465416,2,false,na,Row,1,measures;arms,
auto,25475110,1,false,na,Col,1,characteristic_level;characteristic_name,
auto,25475110,1,false,na,Col,1,characteristic_level,empty_row
auto,25475110,1,false,na,Col,1,characteristic_level,indent;
auto,25475110,1,false,na,Row,1,characteristic_level,
auto,25490706,1,false,na,Col,1,characteristic_level,indent;
auto,25490706,1,false,na,Row,1,arms,
auto,25552421,1,false,na,Col,1,characteristic_level;characteristic_name,
auto,25552421,1,false,na,Col,1,characteristic_level,empty_row
auto,25552421,1,false,na,Col,1,characteristic_level,empty_row_with_p_value
auto,25552421,3,false,na,Col,1,characteristic_level,
auto,25552421,3,false,na,Col,1,outcomes;characteristic_name,empty_row
auto,25552421,3,false,na,Row,1,measures;arms,
auto,25552421,3,false,na,Row,2,measures,
auto,25573406,1,false,na,Col,1,characteristic_level,
auto,25573406,1,false,na,Row,1,arms,
auto,25573406,1,false,na,Row,30,characteristic_level,
auto,25573406,2,false,na,Col,1,characteristic_level;characteristic_name,empty_row
auto,25573406,2,false,na,Col,1,other,indent;empty_row
auto,25573406,2,false,na,Row,2,characteristic_level;measures,
auto,25573406,2,false,na,Row,3,measures,
auto,25619410,1,false,na,Col,1,characteristic_level;characteristic_name,
auto,25619410,1,false,na,Col,1,characteristic_level,empty_row
auto,25619410,1,false,na,Row,2,measures,
auto,25657183,2,false,na,Col,1,measures,
auto,25657183,2,false,na,Row,1,outcomes;characteristic_level,
auto,25657183,2,false,na,Row,2,characteristic_level;arms;measures,
auto,25670362,1,false,na,Col,1,characteristic_level,
auto,25670362,1,false,na,Col,1,characteristic_level;measures,indent;
auto,25670362,1,false,na,Col,1,characteristic_level;measures,indent;empty_row
auto,25670362,1,false,na,Row,1,arms,
auto,25670362,1,false,na,Row,29,measures;outcomes,
auto,25698905,1,false,na,Col,1,characteristic_level;characteristic_name,
auto,25698905,1,false,na,Row,1,measures,
auto,25698905,1,false,na,Row,2,characteristic_level,
auto,25698905,2,false,na,Col,1,characteristic_level,bold;empty_row
auto,25698905,2,false,na,Col,1,characteristic_level,indent;
auto,25698905,2,false,na,Row,1,measures,
auto,25736990,1,false,na,Col,1,characteristic_level,
auto,25736990,1,false,na,Row,2,arms,
auto,25743173,1,false,na,Col,1,characteristic_level;characteristic_name,
auto,25743173,1,false,na,Col,1,characteristic_level,empty_row
auto,25743173,1,false,na,Col,1,characteristic_level;arms,indent;
auto,25743173,1,false,na,Row,1,arms,
auto,25758769,1,false,na,Col,1,characteristic_level;characteristic_name,
auto,25758769,1,false,na,Row,1,characteristic_level,
auto,25758769,2,false,na,Col,1,outcomes,
auto,25758769,2,false,na,Col,1,measures,empty_row
auto,25758769,2,false,na,Row,1,arms,
auto,25758769,2,false,na,Row,2,measures,
auto,25758769,2,false,na,Row,3,arms,
auto,25758769,2,false,na,Row,20,arms,
auto,25758769,2,false,na,Row,21,measures,
auto,25758769,2,false,na,Row,22,arms,
auto,25765696,2,false,na,Col,1,outcomes;measures,
auto,25765696,2,false,na,Col,1,characteristic_level,bold;empty_row
auto,25765696,2,false,na,Row,1,characteristic_level,
auto,25765696,2,false,na,Row,2,arms,
auto,25769357,3,false,na,Col,1,outcomes,
auto,25769357,3,false,na,Row,1,arms,
auto,25769357,3,false,na,Row,2,arms;measures,
auto,25773268,1,false,na,Col,1,characteristic_level;characteristic_name,
auto,25773268,1,false,na,Col,1,characteristic_level,indent;
auto,25773268,1,false,na,Col,1,characteristic_name,empty_row
auto,25773268,1,false,na,Col,1,characteristic_name,indent;empty_row
auto,25773268,1,false,na,Row,1,arms,
auto,25775052,1,false,na,Col,1,characteristic_level,
auto,25775052,1,false,na,Col,1,characteristic_level;characteristic_name,empty_row
auto,25775052,1,false,na,Row,1,arms,
auto,25775052,2,false,na,Col,1,characteristic_level,empty_row_with_p_value
auto,25775052,2,false,na,Col,1,characteristic_level;measures,indent;
auto,25775052,2,false,na,Row,1,arms;measures;p-interaction,
auto,25775052,2,false,na,Row,2,measures,
auto,25779603,2,false,na,Col,1,outcomes;time/period;measures,
auto,25779603,2,false,na,Row,1,arms;characteristic_level,
auto,25792124,1,false,na,Col,1,characteristic_level,empty_row
auto,25792124,1,false,na,Col,1,characteristic_level,indent;
auto,25792124,1,false,na,Col,1,characteristic_level,indent;empty_row
auto,25852208,2,false,na,Col,1,measures,
auto,25852208,2,false,na,Col,1,characteristic_level,empty_row
auto,25852208,2,false,na,Row,1,characteristic_level,
auto,25852208,2,false,na,Row,2,arms,
auto,25881510,1,false,na,Col,1,characteristic_name;characteristic_level;measures,indent;
auto,25881510,1,false,na,Row,1,characteristic_level;arms,
auto,25881510,1,false,na,Row,2,characteristic_level,
auto,26027630,1,false,na,Col,1,characteristic_level;characteristic_name,
auto,26027630,1,false,na,Col,1,characteristic_level,empty_row_with_p_value
auto,26027630,1,false,na,Col,1,characteristic_level,empty_row
auto,26027630,1,false,na,Row,1,characteristic_level;arms;measures,
auto,26059896,2,false,na,Col,1,characteristic_level,
auto,26059896,2,false,na,Row,1,arms,
auto,26059896,2,false,na,Row,2,measures,
auto,26065986,2,false,na,Col,1,measures,
auto,26065986,2,false,na,Col,1,characteristic_level,empty_row
auto,26065986,2,false,na,Row,1,characteristic_level,
auto,26065986,2,false,na,Row,2,measures;characteristic_level,
auto,26066644,1,false,na,Col,2,characteristic_level,indent
auto,26066644,1,false,na,Row,1,characteristic_name,
auto,26066644,1,false,na,Row,2,characteristic_level,
auto,26066644,1,false,na,Row,9,characteristic_level,
auto,26066644,1,false,na,Row,17,characteristic_level,
auto,26093161,2,false,na,Col,1,outcomes,
auto,26093161,2,false,na,Row,1,characteristic_level,
auto,26093161,2,false,na,Row,2,measures;outcomes,
auto,26097039,1,false,na,Col,1,characteristic_level;characteristic_name,
auto,26097039,1,false,na,Col,1,characteristic_level,empty_row
auto,26097039,1,false,na,Col,1,characteristic_level,indent;
auto,26097039,1,false,na,Row,1,arms,
auto,26097039,2,false,na,Col,1,characteristic_level,indent;
auto,26097039,2,false,na,Row,1,arms,
auto,26097039,3,false,na,Col,1,characteristic_level;measures,indent;empty_row
auto,26097039,3,false,na,Col,1,measures;characteristic_level,indent;
auto,26097039,3,false,na,Row,1,arms,
auto,26100349,2,false,na,Col,1,characteristic_level,
auto,26100349,2,false,na,Row,1,arms;characteristic_name,
auto,26100349,2,false,na,Row,2,measures,
auto,26121561,1,false,na,Col,1,characteristic_level;characteristic_name,
auto,26121561,1,false,na,Col,1,characteristic_level,empty_row
auto,26121561,1,false,na,Col,1,characteristic_level,indent;
auto,26121561,1,false,na,Row,1,arms,
auto,26121561,2,false,na,Col,1,characteristic_level,empty_row
auto,26121561,2,false,na,Row,1,characteristic_level,
auto,26121561,2,false,na,Row,2,arms,
auto,26132939,1,false,na,Col,1,characteristic_level,
auto,26132939,1,false,na,Row,1,arms,
auto,26132939,2,false,na,Row,1,measures,
auto,26132939,2,false,na,Row,2,measures,
auto,26132939,3,false,na,Row,1,measures,
auto,26132939,3,false,na,Row,2,measures,
auto,26132939,4,false,na,Row,1,measures,
auto,26132939,4,false,na,Row,2,measures,
auto,26135703,1,false,na,Col,1,characteristic_level;characteristic_name,
auto,26135703,1,false,na,Col,1,characteristic_level,empty_row
auto,26135703,1,false,na,Col,1,characteristic_level,indent;
auto,26135703,1,false,na,Row,1,arms,
auto,26135703,2,false,na,Col,1,characteristic_level,bold;empty_row
auto,26135703,2,false,na,Row,1,arms,
auto,26135703,2,false,na,Row,2,arms;measures,
auto,26151264,1,false,na,Col,1,characteristic_level;characteristic_name,
auto,26151264,1,false,na,Col,1,characteristic_level,indent;
auto,26151264,1,false,na,Col,1,characteristic_level,empty_row
auto,26151264,1,false,na,Col,1,characteristic_level;measures,indent;empty_row
auto,26151264,1,false,na,Row,1,arms,
auto,26179619,2,false,na,Col,5,characteristic_level,indent
auto,26179619,2,false,na,Row,1,arms,
auto,26179619,2,false,na,Row,2,measures,
auto,26179619,2,false,na,Row,4,arms,
auto,26179619,2,false,na,Row,5,measures,
auto,26179767,2,false,na,Col,1,characteristic_level;outcomes,
auto,26179767,2,false,na,Row,1,characteristic_level,
auto,26179767,2,false,na,Row,2,arms,
auto,26233481,3,false,na,Col,1,measures,
auto,26233481,3,false,na,Col,2,arms,
auto,26233481,3,false,na,Row,1,measures,
auto,26233481,4,false,na,Col,1,arms,indent;bold;
auto,26233481,4,false,na,Row,1,measures,
auto,26233481,4,false,na,Row,2,characteristic_name,
auto,26238672,1,false,na,Col,1,characteristic_level,indent;
auto,26238672,1,false,na,Row,1,arms,
auto,26238672,1,false,na,Row,2,arms,
auto,26238672,2,false,na,Col,1,measures,
auto,26238672,2,false,na,Col,1,characteristic_level,bold;empty_row
auto,26238672,2,false,na,Row,1,arms,
auto,26238672,2,false,na,Row,2,arms,
auto,26238672,2,false,na,Row,4,measures,
auto,26238672,2,false,na,Row,6,characteristic_level,
auto,26238672,2,false,na,Row,12,characteristic_level,
auto,26238672,2,false,na,Row,50,characteristic_level,
auto,26238672,2,false,na,Row,54,characteristic_level,
auto,26238672,2,false,na,Row,58,characteristic_level,
auto,26254019,1,false,na,Col,1,characteristic_level,
auto,26254019,1,false,na,Row,1,other;p-interaction,
auto,26271059,2,false,na,Col,1,outcomes,
auto,26271059,2,false,na,Row,1,arms,
auto,26271059,2,false,na,Row,2,measures;arms,
auto,26271059,2,false,na,Row,3,measures,
auto,26321103,1,false,na,Col,1,characteristic_level,
auto,26321103,1,false,na,Row,1,characteristic_level;measures;arms,
auto,26338971,1,false,na,Col,1,characteristic_level,
auto,26338971,1,false,na,Row,1,characteristic_level,
auto,26338971,1,false,na,Row,2,arms,
auto,26338971,2,false,na,Col,1,characteristic_name,
auto,26338971,2,false,na,Col,1,outcomes;characteristic_level,empty_row_with_p_value
auto,26338971,2,false,na,Row,1,measures,
auto,26338971,2,false,na,Row,2,arms;measures,
auto,26373629,3,false,na,Col,1,measures,empty_row
auto,26373629,3,false,na,Col,1,measures,indent;
auto,26373629,3,false,na,Col,1,measures,italic;indent;
auto,26373629,3,false,na,Row,1,characteristic_level,
auto,26373629,3,false,na,Row,2,arms,
auto,26374849,1,false,na,Col,1,characteristic_level,indent;
auto,26374849,1,false,na,Col,1,characteristic_level,indent;empty_row
auto,26374849,2,false,na,Col,1,arms;measures,
auto,26374849,2,false,na,Col,1,characteristic_level;measures,empty_row
auto,26374849,2,false,na,Col,1,measures,indent;
auto,26378978,1,false,na,Col,1,characteristic_level,
auto,26378978,1,false,na,Row,1,arms,
auto,26400827,2,false,na,Col,2,measures,indent;bold
auto,26400827,2,false,na,Row,2,arms;measures;p-interaction,
auto,26400827,3,false,na,Col,2,measures,indent;bold
auto,26400827,3,false,na,Row,1,arms;measures;p-interaction,
auto,26471380,1,false,na,Col,1,characteristic_level,
auto,26471380,1,false,na,Row,1,arms,
auto,26471380,1,false,na,Row,13,arms,
auto,26475142,1,false,na,Col,1,characteristic_level;characteristic_name,
auto,26475142,1,false,na,Col,1,characteristic_level,indent;
auto,26475142,1,false,na,Col,1,characteristic_level,empty_row
auto,26475142,1,false,na,Col,1,characteristic_level,indent;empty_row
auto,26475142,1,false,na,Row,1,characteristic_level,
auto,26475142,1,false,na,Row,2,arms,
auto,26523993,1,false,na,Col,1,characteristic_level,
auto,26523993,1,false,na,Row,1,characteristic_level,
auto,26523993,1,false,na,Row,2,arms,
auto,26524706,1,false,na,Col,1,characteristic_level,empty_row
auto,26524706,1,false,na,Col,1,characteristic_level,indent;
auto,26524706,1,false,na,Col,1,characteristic_level,indent;empty_row_with_p_value
auto,26524706,3,false,na,Row,1,arms;measures,
auto,26578849,1,false,na,Col,1,characteristic_level,
auto,26578849,1,false,na,Col,1,characteristic_name;characteristic_level,empty_row
auto,26681720,2,false,na,Col,1,outcomes,
auto,26681720,2,false,na,Col,2,characteristic_level;characteristic_name,
auto,26681720,2,false,na,Row,1,arms;measures,
auto,26744025,1,false,na,Col,1,characteristic_level,
auto,26744025,1,false,na,Col,1,measures,indent;bold;
auto,26744025,1,false,na,Col,1,characteristic_level;characteristic_name;measures,indent;
auto,26744025,1,false,na,Row,1,characteristic_level,
auto,26744025,1,false,na,Row,2,arms,
auto,26747037,2,false,na,Col,2,outcomes,
auto,26747037,2,false,na,Row,1,measures,
auto,26747037,2,false,na,Row,2,outcomes;characteristic_level,
auto,26747037,2,false,na,Row,5,outcomes;characteristic_level,
auto,26754626,1,false,na,Col,1,characteristic_level;characteristic_name,
auto,26754626,1,false,na,Col,1,characteristic_level,empty_row
auto,26754626,1,false,na,Row,1,characteristic_level,
auto,26762525,2,false,na,Col,1,outcomes,
auto,26762525,2,false,na,Row,1,characteristic_level,
auto,26762525,2,false,na,Row,2,arms;measures,
auto,26774608,3,false,na,Col,1,characteristic_level,
auto,26774608,3,false,na,Col,1,characteristic_level;characteristic_name,empty_row
auto,26774608,3,false,na,Row,1,measures,
auto,26774608,3,false,na,Row,2,measures;arms,
auto,26915374,1,false,na,Col,1,characteristic_level;characteristic_name,
auto,26915374,1,false,na,Col,1,characteristic_level,empty_row_with_p_value
auto,26915374,1,false,na,Col,1,characteristic_level,empty_row
auto,26915374,2,false,na,Col,1,outcomes,empty_row_with_p_value
auto,27028914,1,false,na,Col,1,characteristic_level;characteristic_name,
auto,27028914,1,false,na,Col,1,characteristic_level,indent;empty_row
auto,27028914,1,false,na,Row,1,arms,
auto,27028914,2,false,na,Col,5,characteristic_level,indent
auto,27028914,2,false,na,Row,1,measures,
auto,27028914,2,false,na,Row,2,arms,
auto,27028914,2,false,na,Row,4,characteristic_level,
auto,27028914,2,false,na,Row,5,characteristic_level,
auto,27033025,2,false,na,Col,1,measures,
auto,27033025,2,false,na,Col,1,characteristic_name;characteristic_level,empty_row
auto,27033025,2,false,na,Row,1,characteristic_level,
auto,27033025,2,false,na,Row,2,arms,
auto,27033025,2,false,na,Row,8,characteristic_level;measures,
auto,27033025,2,false,na,Row,14,characteristic_level;measures,
auto,27033025,2,false,na,Row,21,characteristic_level;measures,
auto,27039126,1,false,na,Col,1,characteristic_level;characteristic_name,
auto,27039126,1,false,na,Col,1,characteristic_level,empty_row
auto,27039126,1,false,na,Col,1,characteristic_level,indent;
auto,27039126,1,false,na,Col,1,characteristic_name;characteristic_level,indent;empty_row
auto,27039126,1,false,na,Row,1,characteristic_level,
auto,27039236,1,false,na,Col,1,characteristic_level;characteristic_name,
auto,27039236,1,false,na,Col,1,characteristic_level,empty_row
auto,27039236,1,false,na,Col,1,characteristic_level,indent;
auto,27039236,1,false,na,Row,1,characteristic_level,
auto,27046159,2,false,na,Col,1,outcomes,
auto,27046159,2,false,na,Row,2,arms;measures;p-interaction,
auto,27046159,2,false,na,Row,10,arms;measures;p-interaction,
auto,27046159,2,false,na,Row,17,arms;measures;p-interaction,
auto,27046159,2,false,na,Row,25,arms;measures,
auto,27046162,1,false,na,Col,1,characteristic_level;characteristic_name,
auto,27046162,1,false,na,Col,1,characteristic_level,empty_row_with_p_value
auto,27046162,1,false,na,Col,1,characteristic_level,indent;
auto,27046162,1,false,na,Row,1,arms,
auto,27144849,2,false,na,Col,1,characteristic_level,
auto,27144849,2,false,na,Row,1,arms;measures,
auto,27161178,1,false,na,Col,1,characteristic_name;measures,bold;
auto,27161178,1,false,na,Col,1,characteristic_level,bold;empty_row
auto,27161178,1,false,na,Row,1,characteristic_level,
auto,27161178,1,false,na,Row,2,characteristic_level,
auto,27181606,1,false,na,Col,1,characteristic_level,
auto,27181606,1,false,na,Row,1,arms,
auto,27190009,2,false,na,Col,1,characteristic_level;arms,
auto,27190009,2,false,na,Col,2,measures;characteristic_level,
auto,27190009,2,false,na,Row,1,measures,
auto,27215502,2,false,na,Col,1,characteristic_level,bold;
auto,27215502,2,false,na,Col,1,characteristic_level,bold;empty_row
auto,27215502,2,false,na,Col,1,characteristic_level;measures,indent;
auto,27215502,2,false,na,Row,1,arms,
auto,27215749,1,false,na,Col,1,characteristic_level;characteristic_name,
auto,27215749,1,false,na,Row,1,measures,
auto,27215749,1,false,na,Row,2,arms,
auto,27215749,2,false,na,Col,1,arms,
auto,27215749,2,false,na,Col,1,characteristic_level,empty_row
auto,27215749,2,false,na,Row,1,measures,
auto,27215749,2,false,na,Row,2,measures,
auto,27215749,2,false,na,Row,3,measures,
auto,27267268,1,false,na,Col,1,characteristic_level;characteristic_name,
auto,27267268,1,false,na,Col,1,characteristic_level,indent;
auto,27267268,1,false,na,Col,1,characteristic_name,empty_row
auto,27267268,1,false,na,Row,1,characteristic_level,
auto,27289121,1,false,na,Col,1,characteristic_level,
auto,27289121,1,false,na,Row,1,characteristic_level,
auto,27299675,2,false,na,Col,1,characteristic_level,
auto,27299675,2,false,na,Row,1,measures,
auto,27313282,1,false,na,Col,1,characteristic_level,
auto,27313282,1,false,na,Row,1,characteristic_level;p-interaction,
auto,27335114,1,false,na,Col,1,characteristic_level,
auto,27335114,1,false,na,Row,1,arms;characteristic_level,
auto,27395349,3,false,na,Col,2,arms;measures,
auto,27395349,3,false,na,Row,1,measures;characteristic_level,
auto,27406394,1,false,na,Col,1,characteristic_level,indent;
auto,27406394,1,false,na,Col,1,characteristic_level,empty_row_with_p_value
auto,27406394,1,false,na,Row,1,characteristic_level,
auto,27406394,2,false,na,Col,1,characteristic_level,
auto,27406394,2,false,na,Row,1,characteristic_level;characteristic_name,
auto,27406394,2,false,na,Row,2,measures,
auto,27437883,2,false,na,Col,1,characteristic_level,
auto,27437883,2,false,na,Row,1,arms;measures,
auto,27448534,1,false,na,Col,1,characteristic_level;characteristic_name,
auto,27448534,1,false,na,Col,1,characteristic_level,empty_row
auto,27448534,1,false,na,Col,1,characteristic_level,empty_row_with_p_value
auto,27448534,1,false,na,Col,1,characteristic_level,indent;
auto,27448534,2,false,na,Col,1,characteristic_name,
auto,27448534,2,false,na,Row,1,characteristic_level,
auto,27492833,1,false,na,Col,1,characteristic_level;characteristic_name,
auto,27492833,1,false,na,Col,1,characteristic_level,empty_row
auto,27492833,1,false,na,Col,1,measures;characteristic_level,indent;
auto,27492833,1,false,na,Row,1,arms,
auto,27493790,1,false,na,Col,1,characteristic_level;characteristic_name,empty_row
auto,27493790,1,false,na,Col,1,characteristic_level;characteristic_name,indent;
auto,27493790,1,false,na,Row,1,characteristic_level;characteristic_name;arms,
auto,27493790,1,false,na,Row,2,characteristic_level,
auto,27502307,2,false,na,Col,1,characteristic_level,
auto,27502307,2,false,na,Col,2,characteristic_level,
auto,27502307,2,false,na,Col,5,characteristic_level,
auto,27502307,2,false,na,Col,8,characteristic_level,
auto,27502307,2,false,na,Row,2,measures,
auto,27502307,2,false,na,Row,3,arms,
auto,27576775,1,false,na,Col,1,characteristic_level,
auto,27576775,1,false,na,Row,1,characteristic_level,
auto,27585384,1,false,na,Col,1,characteristic_level;characteristic_name,
auto,27585384,1,false,na,Col,1,characteristic_level,empty_row
auto,27585384,1,false,na,Col,1,characteristic_level,indent;
auto,27585384,1,false,na,Col,1,characteristic_level,indent;empty_row
auto,27609406,1,false,na,Col,1,characteristic_level;other,
auto,27609406,1,false,na,Col,1,characteristic_level,empty_row
auto,27609406,1,false,na,Col,1,characteristic_level,indent;
auto,27609406,1,false,na,Row,1,characteristic_level,
auto,27609678,2,false,na,Col,1,outcomes,
auto,27609678,2,false,na,Row,1,characteristic_level;measures,
auto,27609678,2,false,na,Row,2,arms;measures,
auto,27612281,4,false,na,Row,1,measures;p-interaction,
auto,27616196,5,false,na,Col,1,measures,bold;empty_row
auto,27616196,5,false,na,Col,1,characteristic_level,empty_row
auto,27616196,5,false,na,Col,1,measures,indent;
auto,27616196,5,false,na,Col,1,characteristic_level,indent;empty_row
auto,27616196,5,false,na,Col,1,measures,indent;bold;empty_row
auto,27616196,5,false,na,Row,1,measures,
auto,27616196,5,false,na,Row,2,characteristic_level;characteristic_name,
auto,27616196,5,false,na,Row,31,measures,
auto,27639753,3,false,na,Col,1,characteristic_level,
auto,27639753,3,false,na,Row,2,other,
auto,27639753,3,false,na,Row,3,arms,
auto,27639753,3,false,na,Row,4,measures;p-interaction;arms,
auto,27639753,3,false,na,Row,5,measures,
auto,27639753,4,false,na,Row,1,other,
auto,27639753,4,false,na,Row,2,arms,
auto,27639753,4,false,na,Row,3,characteristic_level;measures,
auto,27672117,1,false,na,Col,1,characteristic_level;characteristic_name,
auto,27672117,1,false,na,Col,1,characteristic_level,empty_row
auto,27672117,1,false,na,Row,1,arms,
auto,27672117,1,false,na,Row,2,arms,
auto,27689735,3,false,na,Col,1,characteristic_name,
auto,27689735,3,false,na,Col,1,characteristic_level,bold;empty_row
auto,27689735,3,false,na,Row,1,measures,
auto,27689735,3,false,na,Row,2,arms,
auto,27689735,3,false,na,Row,5,characteristic_level,
auto,27689735,3,false,na,Row,6,characteristic_level,
auto,27689735,3,false,na,Row,17,characteristic_level,
auto,27708114,1,false,na,Col,1,characteristic_level,
auto,27708114,1,false,na,Row,1,characteristic_level,
auto,27708114,2,false,na,Col,1,outcomes,
auto,27708114,2,false,na,Col,1,characteristic_level,indent;empty_row
auto,27708114,2,false,na,Col,1,characteristic_level,indent;
auto,27708114,2,false,na,Col,1,characteristic_level;measures;characteristic_name,empty_row
auto,27708114,2,false,na,Row,1,characteristic_level,
auto,27708114,2,false,na,Row,2,measures,
auto,27742728,2,false,na,Col,1,outcomes,
auto,27742728,2,false,na,Row,2,characteristic_level,
auto,27742728,2,false,na,Row,3,characteristic_level;arms;measures,
auto,27796912,2,false,na,Col,1,characteristic_level;characteristic_name,
auto,27796912,2,false,na,Row,1,measures,
auto,27807306,1,false,na,Col,1,characteristic_level,
auto,27807306,1,false,na,Row,1,other;measures,
auto,27807306,1,false,na,Row,2,measures,
auto,27807306,1,false,na,Row,3,characteristic_level,
auto,27807306,1,false,na,Row,4,arms,
auto,27846344,2,false,na,Col,1,characteristic_level,
auto,27846344,2,false,na,Row,2,arms,
auto,27846344,2,false,na,Row,3,time/period,
auto,27935736,1,false,na,Col,1,characteristic_level,
auto,27935736,1,false,na,Col,3,characteristic_level,
auto,27935736,1,false,na,Col,5,characteristic_level,
auto,27935736,1,false,na,Col,8,characteristic_level,
auto,27935736,1,false,na,Col,10,characteristic_level,
auto,27935736,1,false,na,Row,1,characteristic_level;characteristic_name,
auto,27935736,1,false,na,Row,4,measures,
auto,27956003,1,false,na,Col,1,characteristic_level,
auto,27956003,1,false,na,Col,1,characteristic_level;arms,indent;
auto,27956003,1,false,na,Row,1,arms,
auto,27959607,1,false,na,Col,1,characteristic_level;characteristic_name,
auto,27959607,1,false,na,Col,1,characteristic_level,empty_row
auto,27959607,1,false,na,Row,2,measures,
auto,27965257,2,false,na,Col,1,characteristic_level,bold;empty_row
auto,27965257,2,false,na,Col,1,characteristic_name,indent;bold;empty_row
auto,27965257,2,false,na,Row,1,arms,
auto,27977392,1,false,na,Col,1,characteristic_level,
auto,27977392,1,false,na,Col,1,characteristic_level;characteristic_name,empty_row
auto,27977392,1,false,na,Row,1,arms,
auto,27977392,3,false,na,Col,1,outcomes,
auto,27977392,3,false,na,Row,1,characteristic_level,
auto,27977392,3,false,na,Row,2,arms,
auto,27993292,2,false,na,Col,1,measures;characteristic_level,indent;bold;
auto,27993292,2,false,na,Col,1,measures;characteristic_level,bold;
auto,27993292,2,false,na,Col,1,characteristic_level;measures,indent;empty_row
auto,27993292,2,false,na,Row,2,arms,
auto,28035868,1,false,na,Col,1,characteristic_level,indent;
auto,28035868,1,false,na,Col,1,characteristic_level,indent;empty_row
auto,28035868,1,false,na,Row,1,characteristic_level,
auto,28035868,1,false,na,Row,2,arms,
auto,28213368,1,false,na,Col,1,characteristic_level;characteristic_name,
auto,28213368,1,false,na,Col,1,characteristic_level,empty_row
auto,28213368,1,false,na,Row,1,characteristic_level;arms;measures,
auto,28237263,1,false,na,Col,1,characteristic_level;characteristic_name,
auto,28237263,1,false,na,Col,1,characteristic_level,empty_row
auto,28237263,1,false,na,Row,1,arms,
auto,28237263,2,false,na,Row,1,measures,
auto,28237263,2,false,na,Row,2,arms;measures,
auto,28246237,2,false,na,Col,1,characteristic_level,
auto,28246237,2,false,na,Row,1,arms;measures,
auto,28263812,1,false,na,Col,1,characteristic_level;characteristic_name,
auto,28263812,1,false,na,Col,1,characteristic_level,indent;
auto,28263812,1,false,na,Col,1,characteristic_level,bold;empty_row
auto,28263812,1,false,na,Row,1,arms;measures;characteristic_name,
auto,28263812,1,false,na,Row,2,measures,
auto,28302288,2,false,na,Col,2,measures,
auto,28302288,2,false,na,Col,1,outcomes,bold;
auto,28302288,2,false,na,Col,1,outcomes,bold;empty_row
auto,28302288,2,false,na,Col,1,measures,indent;bold;
auto,28302288,2,false,na,Row,1,arms,
auto,28302288,2,false,na,Row,2,measures,
auto,28382371,3,false,na,Col,1,outcomes,
auto,28382371,3,false,na,Row,1,characteristic_level;characteristic_name,
auto,28382371,3,false,na,Row,2,arms;measures,
auto,28385353,3,false,na,Col,1,characteristic_level;characteristic_name,
auto,28385353,4,false,na,Col,1,characteristic_level;characteristic_name,
auto,28386035,2,false,na,Col,1,characteristic_level,
auto,28386035,2,false,na,Row,2,arms,
auto,28386035,2,false,na,Row,36,characteristic_level,
auto,28386035,2,false,na,Row,37,characteristic_level,
auto,28386990,2,false,na,Col,2,measures,indent
auto,28386990,2,false,na,Row,1,arms,
auto,28386990,2,false,na,Row,2,characteristic_level,
auto,28386990,3,false,na,Col,2,measures,indent
auto,28386990,3,false,na,Row,1,arms,
auto,28386990,3,false,na,Row,2,characteristic_level,
auto,28391886,2,false,na,Col,2,characteristic_level,
auto,28391886,2,false,na,Row,1,measures,
auto,28405473,2,false,na,Col,1,characteristic_name,
auto,28405473,2,false,na,Col,1,characteristic_level,empty_row
auto,28405473,2,false,na,Row,2,arms,
auto,28416587,1,false,na,Col,1,characteristic_level;characteristic_name,
auto,28416587,1,false,na,Col,1,characteristic_level,empty_row
auto,28416587,1,false,na,Col,1,characteristic_level,indent;
auto,28416587,1,false,na,Row,1,arms,
auto,28432746,2,false,na,Col,1,measures,indent;empty_row
auto,28432746,2,false,na,Col,1,measures,indent;
auto,28432746,2,false,na,Col,1,characteristic_level,empty_row
auto,28432746,2,false,na,Row,1,measures,
auto,28432746,2,false,na,Row,2,characteristic_level,
auto,28432746,2,false,na,Row,26,measures,
auto,28467869,3,false,na,Col,1,characteristic_level;characteristic_name,indent;
auto,28467869,3,false,na,Row,2,measures,
auto,28520924,2,false,na,Col,2,characteristic_level,indent
auto,28520924,2,false,na,Row,1,measures;arms,
auto,28520924,2,false,na,Row,2,measures,
auto,28520924,3,false,na,Col,2,characteristic_level,indent
auto,28520924,3,false,na,Row,1,measures,
auto,28520924,3,false,na,Row,2,measures,
auto,28573499,2,false,na,Col,1,characteristic_level,
auto,28573499,2,false,na,Row,2,arms,
auto,28666775,1,false,na,Col,1,characteristic_level,
auto,28666775,1,false,na,Row,1,characteristic_level,
auto,28666775,1,false,na,Row,2,arms,
auto,28689179,2,false,na,Col,1,outcomes,
auto,28689179,2,false,na,Row,2,arms;measures,
auto,28720336,2,false,na,Col,2,characteristic_name,
auto,28720336,2,false,na,Row,1,characteristic_level;characteristic_name;arms;measures,
auto,28720336,2,false,na,Row,5,arms;characteristic_level,
auto,28720336,2,false,na,Row,9,arms;characteristic_level,
auto,28720336,2,false,na,Row,13,arms;characteristic_level,
auto,28720336,2,false,na,Row,17,arms;characteristic_level,
auto,28753486,1,false,na,Col,1,characteristic_name;characteristic_level,
auto,28753486,1,false,na,Col,1,characteristic_level;measures,empty_row
auto,28753486,1,false,na,Col,1,characteristic_level,indent;
auto,28753486,3,false,na,Col,1,outcomes,
auto,28753486,3,false,na,Col,2,measures,
auto,28753486,3,false,na,Col,2,characteristic_level;measures,indent
auto,28753486,3,false,na,Row,1,arms,
auto,28801539,2,false,na,Col,1,outcomes,
auto,28801539,2,false,na,Row,1,characteristic_level,
auto,28801539,2,false,na,Row,2,measures,
auto,28818881,2,false,na,Col,1,characteristic_level;characteristic_name,
auto,28818881,2,false,na,Col,1,characteristic_level,empty_row_with_p_value
auto,28818881,2,false,na,Col,1,characteristic_level,indent;
auto,28818881,2,false,na,Row,1,arms;measures,
auto,28827011,2,false,na,Col,1,characteristic_level;characteristic_name,
auto,28827011,2,false,na,Row,1,measures,
auto,28827011,2,false,na,Row,2,arms,
auto,28842165,3,false,na,Col,1,characteristic_level;measures,
auto,28842165,3,false,na,Col,1,characteristic_level,empty_row_with_p_value
auto,28842165,3,false,na,Row,1,characteristic_name;arms;measures,
auto,28844508,3,false,na,Row,1,measures,
auto,28844508,3,false,na,Row,2,measures,
auto,28844990,1,false,na,Col,1,characteristic_level,
auto,28844990,1,false,na,Row,1,arms,
auto,28847206,2,false,na,Col,1,measures,
auto,28847206,2,false,na,Col,1,characteristic_level,empty_row
auto,28847206,2,false,na,Col,1,characteristic_level,indent;
auto,28847206,2,false,na,Col,1,characteristic_level,indent;empty_row
auto,28847206,2,false,na,Row,1,characteristic_level;measures,
auto,28847206,2,false,na,Row,2,arms;measures,
auto,28905478,2,false,na,Col,1,characteristic_level,indent;empty_row
auto,28905478,2,false,na,Col,1,characteristic_level,indent;
auto,28905478,2,false,na,Row,2,arms,
auto,28905478,3,false,na,Col,1,characteristic_level,empty_row_with_p_value
auto,28905478,3,false,na,Col,2,measures;arms,indent
auto,28905478,3,false,na,Col,1,characteristic_level,indent;
auto,28905478,3,false,na,Row,1,measures;p-interaction,
auto,28910237,2,false,na,Col,1,characteristic_level,
auto,28910237,2,false,na,Row,1,measures;arms,
auto,28921862,1,false,na,Col,1,characteristic_level;characteristic_name,
auto,28921862,1,false,na,Col,1,characteristic_level,empty_row
auto,28921862,1,false,na,Col,1,characteristic_level,indent;
auto,28921862,1,false,na,Row,1,arms,
auto,28921862,3,false,na,Col,1,characteristic_level,
auto,28924103,2,false,na,Col,1,characteristic_level,indent;
auto,28924103,2,false,na,Col,1,outcomes,empty_row
auto,28924103,2,false,na,Row,1,arms,
auto,28939567,1,false,na,Col,1,characteristic_level;characteristic_name,
auto,28939567,1,false,na,Col,1,characteristic_level,empty_row
auto,28939567,1,false,na,Row,1,characteristic_level,
auto,28948656,1,false,na,Col,1,characteristic_level,indent;
auto,28948656,1,false,na,Row,1,arms;measures;p-interaction,
auto,28948656,1,false,na,Row,2,arms,
auto,28948656,1,false,na,Row,58,characteristic_level,
auto,28948656,1,false,na,Row,59,characteristic_level,
auto,28948656,1,false,na,Row,61,characteristic_level,
auto,28948656,1,false,na,Row,62,characteristic_level,
auto,28948656,1,false,na,Row,65,characteristic_level,
auto,28948656,1,false,na,Row,66,characteristic_level,
auto,28948656,1,false,na,Row,68,characteristic_level,
auto,28948656,1,false,na,Row,69,characteristic_level,
auto,28948656,1,false,na,Row,72,characteristic_level,
auto,28948656,1,false,na,Row,73,characteristic_level,
auto,28948656,1,false,na,Row,75,characteristic_level,
auto,28948656,1,false,na,Row,76,characteristic_level,
auto,28948656,1,false,na,Row,79,characteristic_level,
auto,28948656,1,false,na,Row,80,characteristic_level,
auto,28948656,1,false,na,Row,82,characteristic_level,
auto,28948656,1,false,na,Row,83,characteristic_level,
auto,29064626,1,false,na,Col,1,characteristic_level,
auto,29064626,1,false,na,Row,1,characteristic_name;p-interaction;measures,
auto,29084736,2,false,na,Col,1,characteristic_level,
auto,29084736,2,false,na,Row,1,measures;arms;p-interaction,
auto,29084736,2,false,na,Row,2,measures;characteristic_level,
auto,29103664,1,false,na,Col,1,characteristic_level;characteristic_name,
auto,29103664,1,false,na,Col,1,characteristic_level,empty_row
auto,29103664,1,false,na,Col,1,characteristic_level,indent;
auto,29103664,1,false,na,Row,2,arms,
auto,29132879,2,false,na,Col,1,characteristic_level;measures,
auto,29132879,2,false,na,Col,1,characteristic_level,empty_row_with_p_value
auto,29132879,2,false,na,Row,1,measures;arms,
auto,29132879,3,false,na,Col,1,characteristic_level,
auto,29132879,3,false,na,Row,1,measures;arms,
auto,29132879,3,false,na,Row,34,characteristic_level,
auto,29132879,4,false,na,Col,1,characteristic_level;measures,
auto,29132879,4,false,na,Col,1,characteristic_level,empty_row_with_p_value
auto,29132879,4,false,na,Row,1,measures;arms,
auto,29132879,4,false,na,Row,34,characteristic_level,
auto,29146124,2,false,na,Col,1,characteristic_level,
auto,29146124,2,false,na,Row,2,outcomes;measures,
auto,29146124,2,false,na,Row,3,arms,
auto,29151034,1,false,na,Col,1,characteristic_level,
auto,29151034,1,false,na,Row,1,characteristic_level,
auto,29151034,3,false,na,Col,1,characteristic_level;p-interaction,italic;bold;empty_row
auto,29228101,1,false,na,Col,1,characteristic_level;characteristic_name,
auto,29228101,1,false,na,Col,1,characteristic_level,bold;empty_row
auto,29228101,1,false,na,Col,1,characteristic_name;characteristic_level,empty_row
auto,29228101,1,false,na,Row,3,characteristic_level,
auto,29228101,1,false,na,Row,4,characteristic_level;measures,
auto,29248384,1,false,na,Col,1,characteristic_level,indent;
auto,29248384,1,false,na,Col,1,characteristic_level,indent;empty_row_with_p_value
auto,29248384,1,false,na,Col,1,characteristic_level;characteristic_name,indent;empty_row
auto,29248384,1,false,na,Row,1,characteristic_name;characteristic_level;arms;measures,
auto,29307087,1,false,na,Col,1,characteristic_level;characteristic_name,
auto,29307087,1,false,na,Col,1,characteristic_level,empty_row
auto,29307087,1,false,na,Col,1,characteristic_level;measures,indent;empty_row
auto,29307087,1,false,na,Row,1,characteristic_level,
auto,29307087,1,false,na,Row,2,arms,
auto,29307087,2,false,na,Col,1,characteristic_level,
auto,29307087,2,false,na,Col,1,outcomes,empty_row
auto,29307087,2,false,na,Row,1,measures;p-interaction,
auto,29307087,2,false,na,Row,2,arms,
auto,29409951,2,false,na,Col,1,measures;p-interaction,
auto,29429593,1,false,na,Col,1,characteristic_level,
auto,29429593,1,false,na,Col,1,characteristic_level;characteristic_name,empty_row_with_p_value
auto,29429593,1,false,na,Row,1,arms,
auto,29430801,1,false,na,Col,1,characteristic_level;characteristic_name,
auto,29447769,1,false,na,Col,1,characteristic_level;characteristic_name,
auto,29447769,1,false,na,Col,1,characteristic_level,empty_row
auto,29447769,1,false,na,Row,1,characteristic_level,
auto,29463520,1,false,na,Col,1,characteristic_level;characteristic_name,
auto,29463520,1,false,na,Col,1,characteristic_level,empty_row
auto,29463520,1,false,na,Row,1,arms,
auto,29463520,1,false,na,Row,2,arms,
auto,29526832,2,false,na,Col,1,characteristic_level,
auto,29526832,2,false,na,Row,1,measures;p-interaction,
auto,29526832,2,false,na,Row,2,arms,
auto,29544534,1,false,na,Col,1,characteristic_name,
auto,29544534,1,false,na,Col,1,characteristic_level,empty_row
auto,29544534,1,false,na,Col,1,characteristic_level,indent;
auto,29544534,1,false,na,Row,1,arms,
auto,29544870,1,false,na,Col,1,characteristic_level,
auto,29544870,1,false,na,Row,1,arms,
auto,29544870,1,false,na,Row,2,arms;characteristic_level,
auto,29664406,2,false,na,Col,1,arms;outcomes,
auto,29664406,2,false,na,Row,1,characteristic_level,
auto,29664406,2,false,na,Row,5,measures,
auto,29680881,1,false,na,Col,1,characteristic_level;characteristic_name,
auto,29680881,1,false,na,Col,1,characteristic_level,empty_row
auto,29680881,1,false,na,Row,1,arms,
auto,29680881,1,false,na,Row,2,measures,
auto,29685860,2,false,na,Col,1,characteristic_level,indent;
auto,29685860,2,false,na,Row,1,measures,
auto,29687620,1,false,na,Col,1,characteristic_level,empty_row
auto,29687620,1,false,na,Col,1,characteristic_level;measures,indent;
auto,29687620,1,false,na,Row,2,measures,
auto,29782217,1,false,na,Col,1,characteristic_level,indent;
auto,29782217,1,false,na,Col,1,characteristic_level,indent;empty_row
auto,29782217,1,false,na,Row,1,arms,
auto,29782217,2,false,na,Col,1,characteristic_name,
auto,29782217,2,false,na,Row,2,characteristic_level;arms,
auto,29793629,1,false,na,Col,1,characteristic_level,
auto,29793629,1,false,na,Row,1,characteristic_level,
auto,29793629,1,false,na,Row,2,arms,
auto,29925383,1,false,na,Col,1,characteristic_level,
auto,29941478,1,false,na,Col,1,characteristic_level;characteristic_name,
auto,30012318,3,false,na,Col,1,outcomes,
auto,30012318,3,false,na,Row,1,arms,
auto,30012318,3,false,na,Row,2,measures,
auto,30012318,3,false,na,Row,3,measures,
auto,30026335,1,false,na,Col,1,characteristic_level;characteristic_name,
auto,30026335,1,false,na,Col,1,characteristic_level,empty_row
auto,30026335,1,false,na,Row,1,arms,
auto,30139780,1,false,na,Col,1,measures,bold;
auto,30139780,1,false,na,Col,1,characteristic_level,bold;empty_row
auto,30139780,1,false,na,Col,1,characteristic_level,indent;
auto,30139780,1,false,na,Row,1,arms,
auto,30139780,1,false,na,Row,10,characteristic_level,
auto,30146931,2,false,na,Col,1,characteristic_level,bold;empty_row
auto,30146931,2,false,na,Col,1,characteristic_level,indent;
auto,30146931,2,false,na,Row,1,arms;measures;p-interaction,
auto,30146932,1,false,na,Col,1,characteristic_level,
auto,30146932,1,false,na,Row,1,arms,
auto,30146932,2,false,na,Col,1,characteristic_level,bold;empty_row
auto,30146932,2,false,na,Col,1,characteristic_level,indent;
auto,30146932,2,false,na,Row,1,characteristic_name;arms;measures,
auto,30146932,2,false,na,Row,2,measures;characteristic_name,
auto,30165610,1,false,na,Col,1,characteristic_level,
auto,30166073,2,false,na,Row,1,arms,
auto,30166073,2,false,na,Row,21,characteristic_level;characteristic_name,
auto,30166073,2,false,na,Row,32,characteristic_name,
auto,30166073,3,false,na,Col,1,characteristic_level,
auto,30166073,3,false,na,Row,1,measures,
auto,30175930,1,false,na,Col,1,characteristic_level,
auto,30175930,1,false,na,Row,1,arms,
auto,30183102,2,false,na,Col,1,measures,
auto,30183102,2,false,na,Col,2,characteristic_level,
auto,30183102,2,false,na,Col,5,measures,bold
auto,30183102,2,false,na,Col,5,measures,indent;bold
auto,30183102,2,false,na,Row,1,measures;arms,
auto,30183102,2,false,na,Row,2,arms,
auto,30203580,2,false,na,Col,1,outcomes,
auto,30203580,2,false,na,Col,1,characteristic_level,indent;
auto,30203580,2,false,na,Row,1,arms;measures,
auto,30248105,3,false,na,Col,2,arms;measures,
auto,30248105,3,false,na,Row,1,measures,
auto,30291013,1,false,na,Col,2,characteristic_level,
auto,30291013,1,false,na,Row,1,characteristic_level;arms,
auto,30302940,4,false,na,Col,2,characteristic_level,
auto,30302940,4,false,na,Row,1,measures,
auto,30302940,4,false,na,Row,2,arms;measures;p-interaction;characteristic_level,
auto,30302940,4,false,na,Row,3,arms;measures;p-interaction,
auto,30302940,4,false,na,Row,4,characteristic_level,
auto,30302940,4,false,na,Row,5,measures;arms,
auto,30302940,4,false,na,Row,6,measures,
auto,30354781,2,false,na,Col,1,characteristic_level;characteristic_name,
auto,30354781,2,false,na,Col,1,characteristic_level;outcomes,empty_row_with_p_value
auto,30354781,2,false,na,Row,1,arms;measures,
auto,30371334,1,false,na,Col,1,characteristic_level;measures,
auto,30371334,1,false,na,Row,2,arms,
auto,30418475,1,false,na,Col,1,characteristic_level;characteristic_name,
auto,30418475,1,false,na,Col,1,characteristic_level,empty_row
auto,30418475,1,false,na,Col,1,characteristic_level,indent;
auto,30418475,1,false,na,Col,1,characteristic_level;measures,indent;empty_row
auto,30418475,1,false,na,Row,1,arms,
auto,30473179,2,false,na,Col,2,characteristic_level;arms,
auto,30473179,2,false,na,Row,2,arms;characteristic_level,
auto,30473179,2,false,na,Row,3,characteristic_level;measures,
auto,30474818,2,false,na,Col,1,time/period,
auto,30474818,2,false,na,Row,1,characteristic_level;measures,
auto,30525116,2,false,na,Row,1,characteristic_level,
auto,30525116,2,false,na,Row,2,arms,
auto,30584583,2,false,na,Col,1,characteristic_name,empty_row
auto,30584583,2,false,na,Col,1,characteristic_level,indent;
auto,30584583,2,false,na,Row,1,measures,
auto,30584583,2,false,na,Row,2,arms;measures,
auto,30586723,3,false,na,Col,1,characteristic_level,
auto,30586723,3,false,na,Col,1,characteristic_level;characteristic_name,empty_row
auto,30586723,3,false,na,Row,1,measures,
auto,30586723,3,false,na,Row,2,arms;measures,
auto,30586757,2,false,na,Col,1,characteristic_level,
auto,30586757,2,false,na,Row,1,measures,
auto,30586757,2,false,na,Row,2,arms,
auto,30587959,1,false,na,Row,1,arms,
auto,30587959,3,false,na,Col,1,outcomes,
auto,30587959,3,false,na,Row,2,arms,
auto,30590387,1,false,na,Col,1,characteristic_level;characteristic_name,
auto,30590387,1,false,na,Col,1,characteristic_level,empty_row
auto,30590387,1,false,na,Row,1,arms,
auto,30590387,1,false,na,Row,2,measures,
auto,30591006,1,false,na,Col,1,characteristic_level,
auto,30591006,1,false,na,Row,1,measures,
auto,30591006,1,false,na,Row,3,arms,
auto,30614616,2,false,na,Col,1,characteristic_level;measures,
auto,30614616,2,false,na,Col,2,characteristic_level,
auto,30614616,2,false,na,Col,3,arms,bold
auto,30614616,2,false,na,Col,3,arms,indent;bold
auto,30614616,2,false,na,Row,1,characteristic_name;time/period,
auto,30614616,2,false,na,Row,15,measures;characteristic_level,
auto,30614616,2,false,na,Row,17,measures;characteristic_level,
auto,30729456,2,false,na,Col,1,outcomes;measures,
auto,30729456,2,false,na,Col,1,characteristic_level;measures,indent;empty_row
auto,30729456,2,false,na,Row,1,arms,
auto,30734043,1,false,na,Col,1,characteristic_level;characteristic_name,
auto,30734043,1,false,na,Col,1,characteristic_level,empty_row
auto,30734043,1,false,na,Row,1,arms;measures,
auto,30830724,4,false,na,Row,2,measures,
auto,30830724,5,false,na,Col,1,outcomes;measures,
auto,30830724,5,false,na,Col,1,outcomes,empty_row
auto,30830724,5,false,na,Col,1,characteristic_level;outcomes;measures,indent;
auto,30830724,5,false,na,Row,1,arms,
auto,30871355,2,false,na,Row,1,measures,
auto,30871355,2,false,na,Row,2,arms,
auto,30871355,2,false,na,Row,15,characteristic_level,
auto,30882239,2,false,na,Col,1,characteristic_level,empty_row_with_p_value
auto,30882239,5,false,na,Col,1,characteristic_level;characteristic_name,empty_row_with_p_value
auto,30882239,5,false,na,Col,1,characteristic_level;characteristic_name;measures,empty_row
auto,29685860fig,1,false,na,Row,1,measures,
